Symbol,Date,Open,High,Low,Close,Volume
AA.P,22-Oct-2015,84,84,84,84,100
AADR,22-Oct-2015,38.51,38.51,37.86,37.86,1900
AAMC,22-Oct-2015,27.75,28.74,26.64,27.55,7600
AAU,22-Oct-2015,0.6,0.6,0.58,0.59,145200
ABE,22-Oct-2015,11.37,11.49,11.33,11.49,3500
ACIM,22-Oct-2015,63.09,63.9,63.08,63.25,6300
ACU,22-Oct-2015,17.04,17.14,16.99,17.03,1500
ACWV,22-Oct-2015,70.24,71,70.24,70.93,51500
ACY,22-Oct-2015,8.92,8.92,8.92,8.92,300
ADGE,22-Oct-2015,0.54,0.56,0.53,0.53,12200
ADK,22-Oct-2015,3.34,3.35,3.25,3.28,5700
ADK-A,22-Oct-2015,21.7,21.7,21.11,21.5,17300
AE,22-Oct-2015,45.43,45.43,44.65,44.65,1200
AFCO,22-Oct-2015,7.35,7.65,7.3,7.54,267500
AFK,22-Oct-2015,20.6,21.08,20.6,21.07,17900
AFTY,22-Oct-2015,16.05,16.23,16.05,16.21,5800
AGF,22-Oct-2015,11.4,11.4,11.4,11.4,100
AGG,22-Oct-2015,109.9,110.05,109.83,109.94,2276200
AGGY,22-Oct-2015,50.1,50.26,50.1,50.26,300
AGQ,22-Oct-2015,35.75,36.28,35.65,36.01,69100
AGZ,22-Oct-2015,114.15,114.26,113.87,114.14,25200
AIA,22-Oct-2015,46.08,46.52,46.08,46.47,37200
AIII,22-Oct-2015,1.27,1.27,1.27,1.27,100
AINC,22-Oct-2015,63,64.39,63,64.39,900
AIRI,22-Oct-2015,8.3,8.3,8.15,8.18,20300
AKG,22-Oct-2015,1.77,1.84,1.75,1.75,108500
ALD,22-Oct-2015,43.77,43.86,43.75,43.86,1200
ALFA,22-Oct-2015,38.4,38.4,37.53,37.82,63600
ALN,22-Oct-2015,1.1,1.12,1.06,1.12,9900
ALTS,22-Oct-2015,39.34,40.13,38.89,38.97,8700
ALTV,22-Oct-2015,4.47,4.47,4.45,4.47,1700
AMCO,22-Oct-2015,0.27,0.29,0.25,0.28,11500
AMJ,22-Oct-2015,32.93,33.08,32.04,32.46,3039100
AMLP,22-Oct-2015,13.5,13.59,13.14,13.29,9111800
AMPE,22-Oct-2015,3.08,3.19,3,3.08,211400
AMU,22-Oct-2015,20.74,20.9,20.13,20.41,407200
AMZA,22-Oct-2015,14.53,14.53,13.8,14.06,36400
AND,22-Oct-2015,7.36,7.36,7.35,7.36,700
ANGL,22-Oct-2015,26.11,26.15,26.09,26.1,10100
AOA,22-Oct-2015,45.82,46.13,45.78,45.96,67900
AOK,22-Oct-2015,32.2,32.32,32.19,32.3,141900
AOM,22-Oct-2015,34.71,34.84,34.69,34.82,67900
AOR,22-Oct-2015,39.5,39.8,39.5,39.75,79100
APHB,22-Oct-2015,5.77,5.8,5.25,5.42,53600
APT,22-Oct-2015,2.16,2.17,2.05,2.1,58900
ARGT,22-Oct-2015,17.26,17.6,17.26,17.6,1300
ARKG,22-Oct-2015,19,19,18.84,18.84,700
ARKK,22-Oct-2015,19.37,19.45,19.32,19.45,1100
ARKQ,22-Oct-2015,18.45,18.45,18.45,18.45,200
ARKW,22-Oct-2015,22.01,22.01,22.01,22.01,100
ASEA,22-Oct-2015,13.46,13.55,13.46,13.54,6900
ASHR,22-Oct-2015,35.45,36.01,35.41,35.94,1997400
ASHS,22-Oct-2015,42.48,42.8,42.18,42.67,38200
ASM,22-Oct-2015,1.03,1.07,1.03,1.03,46600
AST,22-Oct-2015,4.81,4.93,4.62,4.76,61700
ATMP,22-Oct-2015,22.59,22.62,22.01,22.27,130600
ATNM,22-Oct-2015,2.18,2.28,2.15,2.16,187700
AUMN,22-Oct-2015,0.33,0.34,0.32,0.34,18900
AUNZ,22-Oct-2015,16.76,16.76,16.76,16.76,500
AUSE,22-Oct-2015,45.87,46.45,45.87,46.45,2500
AVL,22-Oct-2015,0.09,0.09,0.08,0.09,218500
AXJL,22-Oct-2015,58.53,59.29,58.53,59.14,7500
AXJV,22-Oct-2015,49.73,49.74,49.73,49.74,200
AXN,22-Oct-2015,1.39,1.4,1.35,1.36,173200
AXU,22-Oct-2015,0.48,0.5,0.46,0.48,41700
AXX,22-Oct-2015,0.14,0.14,0.13,0.14,2800
AYT,22-Oct-2015,40.92,41,40.92,41,300
BAA,22-Oct-2015,0.2,0.2,0.19,0.19,373700
BAB,22-Oct-2015,29.32,29.37,29.23,29.33,79800
BABS,22-Oct-2015,59.89,60.31,59.59,60.05,44600
BAL,22-Oct-2015,43.04,43.04,41.68,41.99,19500
BBH,22-Oct-2015,116.47,118.6,114.78,117.95,333600
BBRC,22-Oct-2015,16.83,17.06,16.83,17.04,43900
BCHP,22-Oct-2015,18.38,18.39,18.38,18.39,1000
BCM,22-Oct-2015,26.9,26.92,26.8,26.92,7800
BCV,22-Oct-2015,19.31,19.53,19.31,19.36,8500
BDAT,22-Oct-2015,23.42,23.42,23.42,23.42,100
BDCL,22-Oct-2015,16.08,16.53,16.08,16.22,261900
BDCS,22-Oct-2015,20.39,20.4,20.26,20.3,15500
BDD,22-Oct-2015,4.75,4.75,4.75,4.75,100
BDG,22-Oct-2015,13.48,13.77,13.48,13.77,200
BDL,22-Oct-2015,25.9,25.9,25.9,25.9,100
BDR,22-Oct-2015,0.52,0.53,0.49,0.53,15400
BFOR,22-Oct-2015,31.03,31.27,30.98,31.1,31800
BFY,22-Oct-2015,14.47,14.54,14.38,14.43,16300
BGI,22-Oct-2015,0.77,0.77,0.77,0.77,400
BGSF,22-Oct-2015,10.75,11.25,10.75,11.23,10800
BHB,22-Oct-2015,34.15,35.45,32.81,33.32,5300
BHV,22-Oct-2015,16.69,16.89,16.69,16.88,3600
BIK,22-Oct-2015,20.22,20.48,20.22,20.45,45200
BIL,22-Oct-2015,45.69,45.69,45.68,45.69,654100
BIR-A,22-Oct-2015,25.44,25.44,25.44,25.44,1300
BIV,22-Oct-2015,85.34,85.46,85.2,85.39,384200
BIZD,22-Oct-2015,16.21,16.25,16.14,16.18,23000
BJK,22-Oct-2015,33.13,33.41,33.12,33.28,10400
BKF,22-Oct-2015,32.27,32.66,32.27,32.66,22500
BKJ,22-Oct-2015,11.3,11.5,11.3,11.5,1200
BKLN,22-Oct-2015,23.1,23.12,23.06,23.08,1149100
BLE,22-Oct-2015,14.71,14.78,14.66,14.76,35500
BLJ,22-Oct-2015,14.25,14.32,14.25,14.25,2400
BLV,22-Oct-2015,90.26,90.62,89.86,90.4,73600
BND,22-Oct-2015,82.09,82.29,82.09,82.23,1101200
BNO,22-Oct-2015,16.34,16.46,16.11,16.3,156000
BOIL,22-Oct-2015,29.1,29.71,28,28.37,79900
BOM,22-Oct-2015,20.85,22.3,20.85,21.32,5100
BOND,22-Oct-2015,106.88,107.12,106.78,106.87,136600
BPMX,22-Oct-2015,1.12,1.12,1,1.05,10400
BRAQ,22-Oct-2015,8.58,8.68,8.58,8.62,400
BRAZ,22-Oct-2015,6.86,6.88,6.83,6.83,500
BRF,22-Oct-2015,11.61,11.79,11.61,11.77,23600
BRG,22-Oct-2015,12.4,12.4,12.03,12.16,88100
BRN,22-Oct-2015,2.05,2.05,2.05,2.05,500
BRXX,22-Oct-2015,6.23,6.31,6.22,6.28,5700
BRZU,22-Oct-2015,17.75,18.31,17.5,18.24,235300
BSCF,22-Oct-2015,21.65,21.65,21.62,21.62,79000
BSCG,22-Oct-2015,22.2,22.23,22.2,22.23,127600
BSCH,22-Oct-2015,22.78,22.78,22.74,22.77,128200
BSCI,22-Oct-2015,21.29,21.29,21.24,21.26,134600
BSCJ,22-Oct-2015,21.2,21.21,21.16,21.18,66600
BSCK,22-Oct-2015,21.32,21.34,21.28,21.33,117800
BSCL,22-Oct-2015,20.99,20.99,20.94,20.99,125900
BSCM,22-Oct-2015,20.83,20.85,20.76,20.81,48200
BSCN,22-Oct-2015,20.45,20.45,20.38,20.44,2400
BSCO,22-Oct-2015,20.33,20.37,20.31,20.37,4500
BSJF,22-Oct-2015,25.93,25.94,25.92,25.94,66600
BSJG,22-Oct-2015,26.03,26.06,26.01,26.06,129600
BSJH,22-Oct-2015,25.75,25.86,25.75,25.83,103200
BSJI,22-Oct-2015,24.91,24.96,24.84,24.92,122600
BSJJ,22-Oct-2015,23.99,24.12,23.99,24.03,63200
BSJK,22-Oct-2015,24.16,24.22,24.05,24.22,28600
BSJL,22-Oct-2015,24.12,24.12,24.1,24.11,1700
BSJM,22-Oct-2015,23.86,23.97,23.83,23.87,3400
BSV,22-Oct-2015,80.47,80.54,80.44,80.48,687800
BTAL,22-Oct-2015,20.84,20.92,20.81,20.82,9500
BTG,22-Oct-2015,1.24,1.26,1.18,1.19,2219000
BTI,22-Oct-2015,117.78,118.55,117.52,118.53,174600
BTN,22-Oct-2015,4.48,4.54,4.46,4.46,1300
BTX,22-Oct-2015,3.76,3.85,3.58,3.79,205900
BTX.W,22-Oct-2015,1.11,1.11,0.96,0.96,1600
BUNL,22-Oct-2015,27.56,27.56,27.56,27.56,400
BUNT,22-Oct-2015,50.28,51.65,50.28,51.65,1400
BVX,22-Oct-2015,2.04,2.05,1.85,1.85,65100
BWL.A,22-Oct-2015,15.15,15.31,15.13,15.31,500
BWV,22-Oct-2015,65.04,65.04,65.04,65.04,200
BWX,22-Oct-2015,52.88,53.04,52.74,52.78,163700
BWZ,22-Oct-2015,30.45,30.45,30.45,30.45,800
BYLD,22-Oct-2015,24.77,24.78,24.77,24.77,3300
BZC,22-Oct-2015,17.43,17.85,17.18,17.73,8200
BZF,22-Oct-2015,12.56,12.64,12.5,12.58,4800
BZM,22-Oct-2015,14.59,14.6,14.59,14.6,1600
BZQ,22-Oct-2015,141.58,142.52,138.46,138.46,94000
CAFE,22-Oct-2015,13.53,13.54,13.42,13.44,1900
CANE,22-Oct-2015,9.52,9.58,9.51,9.58,400
CANF,22-Oct-2015,3.97,4.05,3.41,3.52,3122900
CAPE,22-Oct-2015,77.92,77.92,77.92,77.92,100
CAW,22-Oct-2015,3.15,3.37,3.1,3.36,1800
CBND,22-Oct-2015,31.8,31.8,31.72,31.79,24200
CBON,22-Oct-2015,24.39,24.4,24.34,24.34,2100
CCA,22-Oct-2015,11.13,11.29,11.13,11.14,7800
CCF,22-Oct-2015,42.28,42.28,40.95,42.01,4100
CCXE,22-Oct-2015,22.21,22.21,22.21,22.21,100
CEF,22-Oct-2015,11.36,11.44,11.25,11.31,638400
CEFL,22-Oct-2015,17.14,17.4,17.14,17.29,230800
CEMB,22-Oct-2015,48.01,48.01,48.01,48.01,100
CET,22-Oct-2015,20.64,20.88,20.64,20.86,9800
CEV,22-Oct-2015,13.04,13.33,13.02,13.16,27100
CEW,22-Oct-2015,17.35,17.36,17.27,17.32,16200
CFD,22-Oct-2015,10.46,10.58,10.4,10.4,35000
CGW,22-Oct-2015,28.15,28.57,28.15,28.54,14000
CH,22-Oct-2015,6.23,6.33,6.2,6.27,6800
CHAD,22-Oct-2015,45.38,46.03,44.66,44.95,345100
CHAU,22-Oct-2015,21.6,22.25,21.6,22.11,463500
CHEP,22-Oct-2015,25,25,25,25,100
CHIE,22-Oct-2015,12.33,12.33,12.33,12.33,100
CHII,22-Oct-2015,14.97,15.23,14.96,15.23,4600
CHIM,22-Oct-2015,13.6,13.6,13.6,13.6,100
CHIQ,22-Oct-2015,13.11,13.34,13.11,13.29,44900
CHIX,22-Oct-2015,15.08,15.46,15.08,15.33,103300
CHNA,22-Oct-2015,37.1,37.14,36.9,37.14,800
CHOC,22-Oct-2015,46.64,46.64,46.5,46.5,500
CIK,22-Oct-2015,2.9,2.94,2.9,2.93,195500
CIU,22-Oct-2015,109.27,109.33,109.17,109.24,696200
CJNK,22-Oct-2015,25.27,25.32,25.27,25.27,6800
CKX,22-Oct-2015,11.52,11.68,11.52,11.68,1300
CLAW,22-Oct-2015,44.33,45.32,44.33,45.32,2700
CLM,22-Oct-2015,16.61,16.69,16.35,16.56,241200
CLY,22-Oct-2015,57.99,58.22,57.7,57.98,221400
CLYH,22-Oct-2015,24.29,24.35,24.29,24.33,17600
CMBS,22-Oct-2015,51.76,51.76,51.52,51.54,17600
CMD,22-Oct-2015,111.46,111.46,111.46,111.46,100
CMDT,22-Oct-2015,35.86,35.86,35.57,35.71,1800
CMF,22-Oct-2015,117.38,117.38,117.07,117.28,16500
CMT,22-Oct-2015,19.41,20.08,19.41,19.64,27000
CN,22-Oct-2015,34.98,34.98,34.96,34.96,1800
CNDA,22-Oct-2015,14.36,14.36,14.36,14.36,200
CNTR,22-Oct-2015,24.95,24.95,24.95,24.95,100
CNXT,22-Oct-2015,39.89,40.67,39.64,40.19,80000
CNY,22-Oct-2015,42.1,42.1,42.1,42.1,100
COBO,22-Oct-2015,99.58,99.58,99.58,99.58,900
COPX,22-Oct-2015,5.04,5.15,5.04,5.13,7000
CORN,22-Oct-2015,23.04,23.07,22.83,22.85,16300
CORP,22-Oct-2015,101.64,102.07,101.21,101.95,14500
COW,22-Oct-2015,26.63,26.63,26.37,26.43,8900
CPER,22-Oct-2015,15.85,15.85,15.85,15.85,100
CPHI,22-Oct-2015,0.19,0.21,0.18,0.18,61000
CPI,22-Oct-2015,26.61,26.64,26.58,26.6,2400
CQH,22-Oct-2015,20.05,20.14,19.68,20,955700
CQP,22-Oct-2015,28.54,28.9,28.08,28.4,251500
CQQQ,22-Oct-2015,33.7,33.93,33.56,33.85,4600
CRAK,22-Oct-2015,19.17,19.21,19.17,19.21,300
CRBN,22-Oct-2015,94.63,94.84,94.63,94.72,700
CRBQ,22-Oct-2015,32.54,32.76,32.54,32.76,2400
CRED,22-Oct-2015,109.36,109.54,109.14,109.34,29800
CRF,22-Oct-2015,17.43,17.49,17.35,17.49,21200
CRHM,22-Oct-2015,2.82,2.95,2.8,2.94,12900
CRMD,22-Oct-2015,2.25,2.29,2.1,2.22,152800
CROC,22-Oct-2015,60.71,60.71,60.71,60.71,100
CROP,22-Oct-2015,27,27.35,27,27.35,300
CRVP,22-Oct-2015,0.63,0.65,0.61,0.65,10200
CSCB,22-Oct-2015,12.19,12.19,12.1,12.1,400
CSD,22-Oct-2015,40.19,40.64,40.1,40.29,81100
CSJ,22-Oct-2015,105.4,105.47,105.34,105.42,158200
CSLS,22-Oct-2015,26.99,27.06,26.98,27.03,8100
CSM,22-Oct-2015,48.82,49.62,48.82,49.59,96400
CTF,22-Oct-2015,15.8,15.84,15.8,15.82,24100
CTNN,22-Oct-2015,26.87,26.91,26.87,26.91,600
CTO,22-Oct-2015,50.61,51.5,50.38,50.73,12300
CUO,22-Oct-2015,13.65,14.34,13.2,13.2,500
CUPM,22-Oct-2015,26.51,26.55,26.47,26.47,1000
CURE,22-Oct-2015,28.87,28.99,27.17,28.23,748300
CUT,22-Oct-2015,24.44,24.55,24.41,24.55,10300
CVM,22-Oct-2015,0.71,0.72,0.67,0.67,393600
CVM.W,22-Oct-2015,0.3,0.3,0.22,0.25,52700
CVOL,22-Oct-2015,0.52,0.52,0.44,0.44,202700
CVR,22-Oct-2015,26.21,26.21,26.21,26.21,100
CVRS,22-Oct-2015,3.04,3.11,2.98,3.05,141200
CVSL,22-Oct-2015,1.6,1.67,1.6,1.6,9600
CVU,22-Oct-2015,8.65,8.66,8.5,8.5,2500
CVY,22-Oct-2015,19.69,19.88,19.68,19.79,91100
CWB,22-Oct-2015,46.21,46.4,46.08,46.28,486900
CWI,22-Oct-2015,32.63,32.96,32.63,32.88,89100
CXA,22-Oct-2015,24.05,24.08,24.04,24.08,24300
CYB,22-Oct-2015,25,25.12,24.93,25,14000
CZA,22-Oct-2015,49.52,49.75,49.5,49.58,4700
DAG,22-Oct-2015,3.64,3.65,3.61,3.64,7700
DAKP,22-Oct-2015,0.51,0.54,0.5,0.5,52700
DBA,22-Oct-2015,21.38,21.4,21.2,21.21,190500
DBAP,22-Oct-2015,24.46,24.46,24.46,24.46,100
DBAW,22-Oct-2015,24.21,24.4,24.21,24.32,6200
DBB,22-Oct-2015,12.81,12.9,12.69,12.71,288100
DBBR,22-Oct-2015,9.28,9.28,9.28,9.28,100
DBC,22-Oct-2015,15.15,15.21,15.04,15.09,1326800
DBE,22-Oct-2015,13.36,13.41,13.26,13.36,15700
DBEF,22-Oct-2015,27.64,28,27.64,27.91,2918400
DBEM,22-Oct-2015,19.95,20.15,19.95,20.1,198700
DBEU,22-Oct-2015,26.27,26.62,26.27,26.57,1858900
DBEZ,22-Oct-2015,26.59,26.89,26.59,26.86,1600
DBGR,22-Oct-2015,23.72,24.13,23.72,24.05,36500
DBJP,22-Oct-2015,39.29,39.88,39.26,39.76,833100
DBKO,22-Oct-2015,23.29,23.37,23.27,23.3,126200
DBO,22-Oct-2015,11.39,11.46,11.23,11.39,173000
DBP,22-Oct-2015,35.81,35.92,35.81,35.88,9500
DBSE,22-Oct-2015,23.92,23.92,23.92,23.92,100
DBU,22-Oct-2015,16.79,16.9,16.79,16.87,1300
DBUK,22-Oct-2015,22.66,22.66,22.66,22.66,100
DBV,22-Oct-2015,23.04,23.2,23.04,23.17,6200
DCNG,22-Oct-2015,17.49,17.49,17.49,17.49,100
DDG,22-Oct-2015,28.53,28.53,28,28.13,1600
DDM,22-Oct-2015,63.13,64.85,63.1,64.76,481000
DEE,22-Oct-2015,76.88,76.88,76.88,76.88,100
DEF,22-Oct-2015,37,37.28,37,37.19,22700
DEJ,22-Oct-2015,0.12,0.13,0.1,0.12,211600
DEM,22-Oct-2015,36.08,36.47,36.08,36.42,317700
DES,22-Oct-2015,66.71,67.48,66.71,67.26,46800
DEW,22-Oct-2015,41.31,41.54,41.31,41.52,4300
DFE,22-Oct-2015,56.13,56.71,56.13,56.49,70400
DFJ,22-Oct-2015,56.1,56.76,56.1,56.48,21900
DGAZ,22-Oct-2015,9.07,9.53,8.76,9.3,7399100
DGL,22-Oct-2015,38.29,38.29,38.22,38.22,123100
DGP,22-Oct-2015,22.09,22.33,22.09,22.13,50300
DGRO,22-Oct-2015,25.62,26.1,25.62,26.02,48500
DGS,22-Oct-2015,38.02,38.47,38.02,38.43,42500
DGSE,22-Oct-2015,0.37,0.37,0.37,0.37,3600
DGT,22-Oct-2015,67.71,67.97,67.44,67.97,1200
DGZ,22-Oct-2015,15.62,15.62,15.52,15.59,43400
DHS,22-Oct-2015,59.59,60.39,59.59,60.31,23400
DHVW,22-Oct-2015,23.51,23.62,23.51,23.6,6100
DHY,22-Oct-2015,2.37,2.39,2.37,2.39,220900
DI,22-Oct-2015,48.18,48.33,48.1,48.16,5000
DIA,22-Oct-2015,172.56,174.91,172.47,174.8,8553000
DIG,22-Oct-2015,38,39,37.95,38.94,182800
DIM,22-Oct-2015,56.67,57.14,56.67,57.05,3000
DIRT,22-Oct-2015,33.03,33.03,33.03,33.03,100
DIT,22-Oct-2015,85.19,85.19,84.33,84.41,700
DIV,22-Oct-2015,25.54,25.76,25.54,25.67,57400
DIVA,22-Oct-2015,23.97,23.98,23.97,23.98,1000
DIVC,22-Oct-2015,25.08,25.08,25.08,25.08,500
DIVI,22-Oct-2015,17.39,17.39,17.39,17.39,1400
DIVY,22-Oct-2015,23.65,24.05,23.65,23.97,25600
DJCI,22-Oct-2015,16.19,16.19,16.03,16.03,1900
DJP,22-Oct-2015,24.69,24.77,24.46,24.54,267800
DLA,22-Oct-2015,17.25,17.48,17.04,17.15,5300
DLN,22-Oct-2015,71.45,72.53,71.45,72.39,57800
DLS,22-Oct-2015,58.24,58.77,58.24,58.54,46700
DMF,22-Oct-2015,9.41,9.49,9.4,9.48,37000
DNL,22-Oct-2015,46.68,46.74,46.6,46.74,700
DNN,22-Oct-2015,0.46,0.46,0.42,0.43,548700
DNO,22-Oct-2015,63.32,64.3,62.8,63.72,15300
DOD,22-Oct-2015,15.26,15.3,15.22,15.3,900
DOG,22-Oct-2015,23.04,23.05,22.71,22.74,1240900
DOL,22-Oct-2015,45.53,45.98,45.53,45.84,26700
DON,22-Oct-2015,81.86,82.75,81.86,82.52,56700
DOO,22-Oct-2015,40.85,41.21,40.85,41.16,176800
DPK,22-Oct-2015,28.62,28.63,28.06,28.4,11400
DPST,22-Oct-2015,34.31,34.31,34.31,34.31,100
DPW,22-Oct-2015,0.62,0.62,0.62,0.62,3000
DRIP,22-Oct-2015,57.1,61,55.57,57.79,17600
DRN,22-Oct-2015,77.8,79.8,76.85,79.12,173300
DRR,22-Oct-2015,56.64,57.36,56.54,57.23,8200
DRV,22-Oct-2015,20.33,20.34,19.69,19.84,32500
DRW,22-Oct-2015,27.75,27.88,27.69,27.76,6100
DSI,22-Oct-2015,74.92,75.93,74.87,75.84,12400
DSS,22-Oct-2015,0.23,0.24,0.22,0.22,102400
DSUM,22-Oct-2015,23.66,23.68,23.61,23.64,198700
DTD,22-Oct-2015,72.22,73.01,72.22,72.9,14000
DTH,22-Oct-2015,40.11,40.53,40.11,40.44,159000
DTN,22-Oct-2015,72.28,73.14,72.28,73,19500
DTO,22-Oct-2015,102.31,106.5,101.55,103.88,14900
DUG,22-Oct-2015,61.31,61.31,59.24,59.47,200700
DUST,22-Oct-2015,13.94,14,12.7,13.06,13046500
DVHI,22-Oct-2015,22.07,22.07,22.07,22.07,100
DVHL,22-Oct-2015,19.07,19.2,19,19.13,4200
DVP,22-Oct-2015,22.78,22.78,22.78,22.78,100
DVY,22-Oct-2015,76.61,77.61,76.57,77.52,730800
DVYA,22-Oct-2015,41.01,41.16,40.95,41.11,5600
DVYE,22-Oct-2015,33.31,33.68,33.31,33.56,10500
DVYL,22-Oct-2015,46.7,47.25,46.7,47.22,3600
DWAQ,22-Oct-2015,74.2,74.46,73.87,74.45,3900
DWAS,22-Oct-2015,37.75,38.07,37.49,37.79,157600
DWM,22-Oct-2015,48.63,49.08,48.63,48.93,37300
DWTI,22-Oct-2015,102,107.95,99.52,104.3,1353400
DWX,22-Oct-2015,36.9,37.27,36.81,37.13,245000
DXD,22-Oct-2015,21.03,21.04,20.44,20.48,4382500
DXJ,22-Oct-2015,52.95,53.86,52.95,53.64,6158100
DXJC,22-Oct-2015,25.94,25.94,25.89,25.9,1100
DXJF,22-Oct-2015,27.57,27.85,27.57,27.79,16100
DXJH,22-Oct-2015,30.82,31.31,30.82,31.25,4000
DXJR,22-Oct-2015,27.76,27.91,27.76,27.9,5200
DXR,22-Oct-2015,8.81,8.81,8.81,8.81,200
DYY,22-Oct-2015,3.73,3.75,3.73,3.75,2000
DZK,22-Oct-2015,55.64,57.06,55.64,56.51,8300
DZZ,22-Oct-2015,7.41,7.41,7.31,7.38,261400
EAD,22-Oct-2015,7.81,7.84,7.79,7.79,212000
EBND,22-Oct-2015,25.51,25.65,25.51,25.64,10200
ECF,22-Oct-2015,8.29,8.4,8.29,8.4,31000
ECH,22-Oct-2015,34.94,35.48,34.57,35.4,159000
ECNS,22-Oct-2015,46.73,48.21,45.32,46.16,10500
ECON,22-Oct-2015,23.38,23.75,23.35,23.65,369100
EDC,22-Oct-2015,15.45,15.98,15.43,15.91,1628000
EDEN,22-Oct-2015,53.74,53.82,53.56,53.56,21100
EDIV,22-Oct-2015,27.09,27.33,27.09,27.31,51600
EDOG,22-Oct-2015,21.71,21.71,21.71,21.71,100
EDV,22-Oct-2015,119.64,120.4,118.21,119.7,48400
EDZ,22-Oct-2015,37.84,37.92,36.44,36.62,536400
EEB,22-Oct-2015,25.54,25.74,25.54,25.7,3900
EEH,22-Oct-2015,15.2,15.2,15.2,15.2,1000
EEHB,22-Oct-2015,16.5,16.5,16.5,16.5,100
EELV,22-Oct-2015,22.51,22.74,22.51,22.69,49200
EEM,22-Oct-2015,35.72,36.16,35.72,36.08,56963300
EEMS,22-Oct-2015,43.16,43.53,43.16,43.43,14200
EEMV,22-Oct-2015,53.14,53.8,53.14,53.68,371300
EES,22-Oct-2015,77.81,78.5,77.68,78.05,14200
EET,22-Oct-2015,54.44,55.18,54.44,55.18,1100
EEV,22-Oct-2015,20.58,20.58,20.11,20.16,78200
EFA,22-Oct-2015,61.11,61.7,61.09,61.45,28347400
EFAD,22-Oct-2015,37.35,37.5,37.35,37.42,4000
EFAV,22-Oct-2015,65.75,66.23,65.65,65.98,747300
EFFE,22-Oct-2015,23.83,23.83,23.82,23.83,2400
EFG,22-Oct-2015,67.85,68.55,67.85,68.36,74000
EFNL,22-Oct-2015,32.36,32.72,32.33,32.64,68100
EFO,22-Oct-2015,95.33,95.33,95.33,95.33,100
EFU,22-Oct-2015,39.16,39.16,38.48,38.6,3400
EFV,22-Oct-2015,49.6,50.1,49.6,49.95,104800
EFZ,22-Oct-2015,32.66,32.7,32.38,32.49,181400
EGAS,22-Oct-2015,9.06,9.06,8.74,8.89,16300
EGI,22-Oct-2015,0.25,0.29,0.25,0.28,30900
EGPT,22-Oct-2015,40.94,40.99,40.94,40.99,900
EIA,22-Oct-2015,12.51,12.8,12.46,12.52,11000
EIDO,22-Oct-2015,21.44,21.86,21.39,21.77,583800
EIM,22-Oct-2015,12.8,12.85,12.77,12.84,156100
EIO,22-Oct-2015,13.13,13.13,12.87,12.87,600
EIP,22-Oct-2015,12.46,12.47,12.43,12.46,4400
EIRL,22-Oct-2015,39.91,40,39.66,39.73,20300
EIS,22-Oct-2015,50.26,50.26,49.66,49.81,28100
EIV,22-Oct-2015,12.56,12.74,12.56,12.7,30200
ELD,22-Oct-2015,36.16,36.22,36.04,36.22,161200
ELMD,22-Oct-2015,1.82,1.91,1.82,1.9,35900
EMAG,22-Oct-2015,20.79,20.79,20.79,20.79,100
EMAN,22-Oct-2015,2.25,2.34,2.25,2.29,17300
EMB,22-Oct-2015,108.62,109.09,108.49,109.03,663900
EMCD,22-Oct-2015,28.3,28.37,27.77,28.37,1800
EMDD,22-Oct-2015,20.54,20.54,20.54,20.54,300
EMFM,22-Oct-2015,19.55,19.67,19.52,19.6,11100
EMHY,22-Oct-2015,46.61,46.84,46.61,46.71,15500
EMI,22-Oct-2015,12.51,12.65,12.51,12.64,2300
EMJ,22-Oct-2015,14.32,14.32,13.72,13.74,3500
EMLC,22-Oct-2015,17.97,18.07,17.97,18.03,583900
EMLP,22-Oct-2015,23.33,23.46,23.14,23.34,339400
EMQQ,22-Oct-2015,21.68,21.68,21.55,21.55,1200
EMSH,22-Oct-2015,76.74,76.74,76.74,76.74,100
EMXX,22-Oct-2015,0.45,0.46,0.45,0.46,44100
ENFR,22-Oct-2015,21.34,21.34,21.34,21.34,100
ENOR,22-Oct-2015,21.07,21.11,20.92,21.1,3100
ENR.P,22-Oct-2015,7.6,7.61,7.36,7.38,9300
ENRJ,22-Oct-2015,0.66,0.68,0.6,0.61,8300
ENSV,22-Oct-2015,0.71,0.81,0.71,0.8,3500
ENX,22-Oct-2015,12.7,12.91,12.7,12.9,20300
ENY,22-Oct-2015,8.3,8.41,8.3,8.38,1600
ENZL,22-Oct-2015,36.04,36.3,35.98,36.2,22900
EOX,22-Oct-2015,1.98,2.15,1.97,2.12,391700
EPHE,22-Oct-2015,36.03,36.58,35.95,36.43,225800
EPI,22-Oct-2015,20.9,21.14,20.86,21.14,2526800
EPM,22-Oct-2015,6.48,6.91,6.48,6.82,37300
EPM-A,22-Oct-2015,25.52,26,25.49,26,1300
EPOL,22-Oct-2015,21.27,21.27,21.14,21.19,133400
EPP,22-Oct-2015,39.85,40.28,39.85,40.18,260200
EPRO,22-Oct-2015,29.88,29.88,29.88,29.88,200
EPS,22-Oct-2015,69.55,70.57,69.55,70.39,7200
EPU,22-Oct-2015,23.38,23.45,23.35,23.38,124600
EPV,22-Oct-2015,55.37,55.37,54.35,54.75,29800
EQAL,22-Oct-2015,24.34,24.34,24.2,24.31,10100
EQL,22-Oct-2015,55.31,55.78,55.31,55.74,1900
EQLT,22-Oct-2015,27.39,27.39,27.39,27.39,100
EQWL,22-Oct-2015,39.17,39.3,39.11,39.3,3500
EQWM,22-Oct-2015,37.7,37.7,37.55,37.57,2200
ERB,22-Oct-2015,1.94,2.02,1.9,2.02,2900
ERC,22-Oct-2015,11.88,12,11.88,11.94,129400
ERH,22-Oct-2015,11.68,11.81,11.68,11.77,32100
ERN,22-Oct-2015,4.44,4.57,4.26,4.54,71200
ERUS,22-Oct-2015,13.1,13.22,13.08,13.2,83900
ERX,22-Oct-2015,33.97,35.46,33.94,35.21,1940300
ERY,22-Oct-2015,23.56,23.61,22.53,22.71,1526500
ESBA,22-Oct-2015,17.63,17.77,17.63,17.77,5100
ESNC,22-Oct-2015,0.52,0.57,0.52,0.55,18900
ESP,22-Oct-2015,24.8,24.96,24.8,24.96,700
ESTE,22-Oct-2015,15.88,15.88,15.78,15.78,200
ETAK,22-Oct-2015,0.4,0.44,0.4,0.4,49900
EUDG,22-Oct-2015,22.64,22.82,22.64,22.82,13100
EUFX,22-Oct-2015,42.7,42.92,42.69,42.92,9100
EUM,22-Oct-2015,27.3,27.3,26.95,26.99,620900
EUMV,22-Oct-2015,24.14,24.34,24.14,24.25,974100
EUO,22-Oct-2015,24.3,24.62,24.29,24.62,1042700
EURL,22-Oct-2015,27.62,28.38,27.59,28.05,54200
EUSA,22-Oct-2015,43.11,43.28,43.08,43.23,28300
EUSC,22-Oct-2015,24.68,24.99,24.63,24.95,61300
EVBN,22-Oct-2015,24.75,24.77,24.75,24.77,900
EVI,22-Oct-2015,4.03,4.21,3.97,3.97,5300
EVJ,22-Oct-2015,12.22,12.48,12.22,12.23,4900
EVM,22-Oct-2015,11.95,12.03,11.92,11.97,44000
EVO,22-Oct-2015,13.65,13.67,13.5,13.6,14400
EVP,22-Oct-2015,11.99,11.99,11.99,11.99,900
EVV,22-Oct-2015,13.15,13.3,13.11,13.15,422200
EVY,22-Oct-2015,13.55,13.67,13.55,13.63,8400
EWA,22-Oct-2015,19.45,19.59,19.37,19.53,1780000
EWC,22-Oct-2015,24.09,24.44,24.09,24.43,1814100
EWD,22-Oct-2015,29.87,30.34,29.87,30.19,115100
EWEM,22-Oct-2015,28.1,28.55,28.09,28.21,42100
EWG,22-Oct-2015,26.52,26.86,26.51,26.75,6187100
EWGS,22-Oct-2015,40.96,41.36,40.91,41.36,1900
EWH,22-Oct-2015,20.67,20.93,20.67,20.87,2387500
EWI,22-Oct-2015,15.06,15.26,15.04,15.19,6414200
EWJ,22-Oct-2015,12.3,12.45,12.3,12.39,50326700
EWK,22-Oct-2015,17.14,17.21,17.1,17.17,153000
EWL,22-Oct-2015,31.63,32.02,31.6,31.91,618500
EWM,22-Oct-2015,10.72,10.86,10.69,10.85,1334900
EWN,22-Oct-2015,24.97,25.12,24.93,25,323600
EWO,22-Oct-2015,16.18,16.46,16.18,16.38,31100
EWP,22-Oct-2015,32.18,32.42,32.16,32.26,821300
EWQ,22-Oct-2015,25.71,25.95,25.69,25.8,737900
EWRE,22-Oct-2015,25.84,25.84,25.84,25.84,100
EWRI,22-Oct-2015,49.11,49.47,49.11,49.35,2200
EWRM,22-Oct-2015,48.68,48.96,48.68,48.84,1800
EWRS,22-Oct-2015,42.14,42.14,41.67,41.67,1000
EWS,22-Oct-2015,11.33,11.45,11.33,11.42,690200
EWT,22-Oct-2015,14.16,14.36,14.16,14.3,7015100
EWU,22-Oct-2015,17.5,17.66,17.5,17.6,4815100
EWUS,22-Oct-2015,40.38,40.53,40.38,40.53,700
EWV,22-Oct-2015,48.7,48.7,47.53,48.02,7300
EWW,22-Oct-2015,54.91,55.66,54.61,55.23,2350800
EWX,22-Oct-2015,40.07,40.5,40.06,40.36,105700
EWY,22-Oct-2015,53.98,54.71,53.98,54.65,3039900
EWZ,22-Oct-2015,23.43,23.67,23.28,23.67,13106400
EWZS,22-Oct-2015,7.62,7.8,7.62,7.8,14800
EXI,22-Oct-2015,68.57,69.87,68.32,69.67,1900
EXT,22-Oct-2015,71.55,71.55,71.55,71.55,100
EZA,22-Oct-2015,59.29,59.79,59.13,59.48,389800
EZJ,22-Oct-2015,89.79,92,89.79,90.82,4000
EZM,22-Oct-2015,89.84,90.78,89.82,90.29,86100
EZU,22-Oct-2015,36.7,37.06,36.67,36.88,7253300
EZY,22-Oct-2015,64.19,64.59,64.19,64.59,25000
FAB,22-Oct-2015,42.79,43.32,42.79,43.11,11300
FAD,22-Oct-2015,49.71,49.8,49.49,49.65,4300
FAN,22-Oct-2015,11.16,11.27,11.16,11.21,10400
FAS,22-Oct-2015,28.83,29.96,28.66,29.66,6292900
FAUS,22-Oct-2015,27.62,27.62,27.62,27.62,100
FAX,22-Oct-2015,4.71,4.73,4.69,4.73,493200
FAZ,22-Oct-2015,44.67,44.67,42.5,42.94,1097800
FBG,22-Oct-2015,57.6,57.6,57.6,57.6,100
FBGX,22-Oct-2015,119.03,121.8,119.03,121.55,6000
FBND,22-Oct-2015,49.13,49.35,49.13,49.28,83400
FBT,22-Oct-2015,99.29,100.51,97.36,99.33,552200
FCG,22-Oct-2015,6.63,6.66,6.35,6.47,1475600
FCO,22-Oct-2015,8.01,8.08,8,8.07,31500
FCOM,22-Oct-2015,26.65,26.85,26.64,26.77,8000
FCOR,22-Oct-2015,49.04,49.04,49.04,49.04,700
FDD,22-Oct-2015,12.67,12.77,12.67,12.7,280700
FDIS,22-Oct-2015,31.05,31.27,31.01,31.22,139000
FDL,22-Oct-2015,23.69,24.06,23.69,24.04,267500
FDM,22-Oct-2015,33.34,33.74,33.34,33.61,3400
FDN,22-Oct-2015,70.68,71.73,70.68,71.52,947200
FEEU,22-Oct-2015,105,106,104.87,105.54,8900
FEN,22-Oct-2015,27.48,27.74,26.86,27.34,78700
FENY,22-Oct-2015,19.26,19.5,19.2,19.47,123000
FEU,22-Oct-2015,33.44,33.83,33.44,33.68,59100
FEX,22-Oct-2015,43.94,44.49,43.94,44.38,190700
FEZ,22-Oct-2015,36.41,36.79,36.4,36.56,4225700
FFR,22-Oct-2015,43.89,43.89,43.56,43.56,900
FFTY,22-Oct-2015,22.61,22.83,22.61,22.77,50700
FGD,22-Oct-2015,22.99,23.27,22.99,23.18,152300
FHLC,22-Oct-2015,32.63,32.63,31.89,32.29,212500
FIBG,22-Oct-2015,57.29,57.4,57.29,57.3,700
FIDU,22-Oct-2015,27.47,27.92,27.47,27.79,15300
FIEG,22-Oct-2015,116.12,119,116.12,118.72,18300
FIEU,22-Oct-2015,110.26,110.26,108,109.24,5700
FIGY,22-Oct-2015,116.36,118.15,116.35,117.72,8200
FILL,22-Oct-2015,19.18,19.22,18.77,19.1,11400
FINU,22-Oct-2015,76.96,80.32,76.96,80,5900
FINZ,22-Oct-2015,19.64,19.64,19.6,19.6,400
FISK,22-Oct-2015,17.64,17.69,17.64,17.69,2000
FIW,22-Oct-2015,29.69,30.43,29.69,30.41,17900
FLGE,22-Oct-2015,119.51,121.46,119.51,121.34,3200
FLM,22-Oct-2015,46.93,46.93,46.93,46.93,200
FLOT,22-Oct-2015,50.39,50.42,50.37,50.39,401800
FLRN,22-Oct-2015,30.35,30.45,30.35,30.39,39900
FLTB,22-Oct-2015,50.38,50.47,50.23,50.29,16600
FLTR,22-Oct-2015,24.73,24.75,24.71,24.71,6700
FM,22-Oct-2015,25.61,25.92,25.61,25.9,195500
FMAT,22-Oct-2015,24.53,24.96,24.53,24.94,21400
FMF,22-Oct-2015,48.33,48.33,48.18,48.27,1900
FMK,22-Oct-2015,26.74,26.85,26.74,26.85,4200
FMLP,22-Oct-2015,20.61,20.61,20.61,20.61,100
FNCL,22-Oct-2015,28.14,28.5,28.14,28.38,33700
FNDA,22-Oct-2015,28.75,28.97,28.63,28.81,94000
FNDB,22-Oct-2015,28.77,29.12,28.77,29.07,136200
FNDC,22-Oct-2015,27.07,27.28,27.07,27.18,72500
FNDE,22-Oct-2015,20.98,21.14,20.95,21.09,152700
FNDF,22-Oct-2015,25.68,25.93,25.66,25.82,138400
FNDX,22-Oct-2015,28.9,29.27,28.9,29.24,224700
FNI,22-Oct-2015,27.33,27.7,27.33,27.64,18400
FNK,22-Oct-2015,28.27,28.67,28.25,28.47,35600
FNX,22-Oct-2015,50.25,50.58,50,50.33,30300
FNY,22-Oct-2015,29.18,29.25,29.04,29.18,170400
FOIL,22-Oct-2015,22.5,22.5,22.5,22.5,100
FPE,22-Oct-2015,18.95,18.98,18.89,18.89,106200
FPP,22-Oct-2015,1.58,1.58,1.38,1.53,7500
FPP.W,22-Oct-2015,0.06,0.06,0.06,0.06,15300
FPX,22-Oct-2015,51.04,51.33,50.66,50.9,163900
FRAK,22-Oct-2015,17.14,17.41,17.05,17.34,59400
FRD,22-Oct-2015,6.03,6.1,6.03,6.08,1500
FREL,22-Oct-2015,22.93,23.08,22.87,23.04,63600
FRI,22-Oct-2015,22.4,22.58,22.39,22.52,163100
FRN,22-Oct-2015,11.29,11.43,11.27,11.34,78200
FSI,22-Oct-2015,0.71,0.73,0.7,0.72,26200
FSP,22-Oct-2015,11.56,11.62,11.41,11.55,330700
FSTA,22-Oct-2015,30.02,30.57,30.02,30.49,69600
FTA,22-Oct-2015,39.75,40.35,39.75,40.21,139400
FTC,22-Oct-2015,47.97,48.38,47.93,48.32,77500
FTEC,22-Oct-2015,32.2,32.74,32.16,32.69,51000
FTF,22-Oct-2015,11.32,11.41,11.32,11.41,93600
FTLS,22-Oct-2015,32.12,32.3,32.12,32.3,3800
FTSD,22-Oct-2015,98.64,98.64,98.64,98.64,100
FTY,22-Oct-2015,47.28,47.59,47.26,47.56,1300
FUD,22-Oct-2015,19.29,19.29,19.29,19.29,100
FUTS,22-Oct-2015,20.33,20.33,20.31,20.31,1600
FUTY,22-Oct-2015,28.72,29.02,28.72,29,38600
FVD,22-Oct-2015,23.97,24.31,23.97,24.26,150200
FVL,22-Oct-2015,19.71,19.81,19.71,19.81,2800
FWDB,22-Oct-2015,24.96,25.1,24.96,25.1,3500
FWDD,22-Oct-2015,42,42,41.64,41.86,1600
FWDI,22-Oct-2015,24.88,25.01,24.87,24.87,10000
FWV,22-Oct-2015,19.16,19.16,19.16,19.16,100
FXA,22-Oct-2015,72.25,72.44,72.04,72.18,9800
FXB,22-Oct-2015,150.9,150.98,150.79,150.79,8000
FXC,22-Oct-2015,75.72,75.88,75.67,75.77,40100
FXCH,22-Oct-2015,77.14,77.14,77.14,77.14,100
FXD,22-Oct-2015,35.46,35.65,35.32,35.52,253700
FXE,22-Oct-2015,109.54,109.64,108.86,108.9,912500
FXEU,22-Oct-2015,24.68,25.02,24.68,24.84,15400
FXF,22-Oct-2015,99.7,99.8,99.39,99.41,15400
FXG,22-Oct-2015,43.83,44.55,43.83,44.47,425600
FXH,22-Oct-2015,58.86,58.86,56.15,56.88,891100
FXI,22-Oct-2015,39.2,39.81,39.2,39.7,23494300
FXL,22-Oct-2015,33.24,33.84,33.24,33.75,145100
FXN,22-Oct-2015,16.13,16.36,15.94,16.18,327000
FXO,22-Oct-2015,23.47,23.76,23.46,23.68,659200
FXP,22-Oct-2015,36.51,36.58,35.44,35.64,60700
FXR,22-Oct-2015,27.05,27.66,27.05,27.5,383600
FXS,22-Oct-2015,117.38,117.38,116.46,116.46,400
FXSG,22-Oct-2015,72.05,72.05,70.51,70.51,500
FXU,22-Oct-2015,23.58,23.87,23.58,23.86,300200
FXY,22-Oct-2015,80.61,80.63,80.31,80.38,187300
FXZ,22-Oct-2015,28.62,29.28,28.62,29.25,56400
FYC,22-Oct-2015,30.51,30.65,30.24,30.5,36600
FYLD,22-Oct-2015,20.67,20.88,20.67,20.85,4900
FYT,22-Oct-2015,28.83,29.21,28.83,28.93,22700
FYX,22-Oct-2015,45.88,46.3,45.7,45.95,51100
GAA,22-Oct-2015,23.95,23.98,23.91,23.92,4300
GAF,22-Oct-2015,62.21,62.6,61.17,61.37,23300
GAL,22-Oct-2015,34.01,34.12,33.88,34.06,19300
GASL,22-Oct-2015,25.13,25.74,22.4,23.7,413800
GAZ,22-Oct-2015,0.88,0.88,0.83,0.85,37900
GBF,22-Oct-2015,113.98,114.21,113.86,113.96,9400
GBR,22-Oct-2015,1.3,1.3,1.3,1.3,400
GCC,22-Oct-2015,20.05,20.1,19.92,19.94,50900
GDJS,22-Oct-2015,18.48,18.48,17.55,17.95,11300
GDX,22-Oct-2015,15.81,16.27,15.78,16.12,48065200
GDXJ,22-Oct-2015,21.67,22.3,21.62,21.93,7934200
GDXS,22-Oct-2015,23.34,23.34,22.04,22.38,8700
GDXX,22-Oct-2015,9.81,10.06,9.75,9.89,14600
GEM,22-Oct-2015,26.95,26.95,26.95,26.95,100
GEUR,22-Oct-2015,12.8,13.17,12.8,13.14,266800
GEX,22-Oct-2015,52.89,53.31,52.89,53.31,1600
GGN,22-Oct-2015,5.58,5.71,5.58,5.71,287200
GGN-B,22-Oct-2015,21.69,21.69,21.68,21.69,1600
GGOV,22-Oct-2015,36.92,37.15,36.55,36.84,54200
GHYG,22-Oct-2015,48.14,48.36,47.77,48.18,28600
GIG,22-Oct-2015,2.27,2.5,2.25,2.27,1316700
GII,22-Oct-2015,45.92,46.43,45.92,46.42,3400
GIVE,22-Oct-2015,60.93,60.93,60.93,60.93,100
GLD,22-Oct-2015,111.52,112.21,111.43,111.69,3436300
GLDX,22-Oct-2015,10.19,10.49,10.19,10.41,29300
GLL,22-Oct-2015,97.34,97.54,96.39,97.32,13700
GLO,22-Oct-2015,11.39,11.41,11.31,11.32,156500
GLQ,22-Oct-2015,13.12,13.2,13.09,13.18,48100
GLTR,22-Oct-2015,58.53,58.95,58.53,58.78,9800
GLU,22-Oct-2015,17.34,17.6,17.34,17.5,5300
GLV,22-Oct-2015,13.47,13.66,13.47,13.6,25500
GMF,22-Oct-2015,79.13,80.15,78.93,80.07,40500
GML,22-Oct-2015,39.27,39.46,39.23,39.36,27100
GMM,22-Oct-2015,57.16,57.66,57.13,57.39,90200
GMO,22-Oct-2015,0.3,0.31,0.27,0.29,186400
GMOM,22-Oct-2015,23.37,23.37,23.33,23.36,4100
GMTB,22-Oct-2015,51.73,51.73,51.73,51.73,100
GNAT,22-Oct-2015,13.23,13.43,13.23,13.4,5200
GNR,22-Oct-2015,36.22,36.87,36.22,36.8,51800
GORO,22-Oct-2015,2.76,2.87,2.72,2.81,201800
GOVT,22-Oct-2015,25.45,25.49,25.41,25.45,213600
GPL,22-Oct-2015,0.53,0.57,0.53,0.54,367400
GQRE,22-Oct-2015,57.82,58.17,57.79,58.17,1800
GRC,22-Oct-2015,25.83,27.34,25.83,27,33100
GREK,22-Oct-2015,10.7,10.97,10.55,10.9,814100
GRES,22-Oct-2015,22.98,23.17,22.93,23.16,3600
GRF,22-Oct-2015,7.74,7.82,7.74,7.82,2700
GRH,22-Oct-2015,0.35,0.41,0.33,0.39,47300
GRH-C,22-Oct-2015,5.71,5.71,5.5,5.53,3100
GRI,22-Oct-2015,43.75,43.84,43.75,43.84,1600
GRN,22-Oct-2015,11.25,11.25,11.23,11.23,1100
GRU,22-Oct-2015,4.46,4.49,4.46,4.46,2200
GSAT,22-Oct-2015,1.83,1.86,1.73,1.81,1083900
GSB,22-Oct-2015,3.32,3.34,3.27,3.34,8600
GSC,22-Oct-2015,23.88,23.88,23.57,23.83,68200
GSG,22-Oct-2015,16.99,17.09,16.86,16.96,120700
GSLC,22-Oct-2015,41.2,41.56,41.2,41.51,353400
GSP,22-Oct-2015,16.11,16.17,15.92,16.01,36200
GSS,22-Oct-2015,0.26,0.26,0.23,0.24,372300
GST,22-Oct-2015,1.66,1.72,1.6,1.65,377400
GST-A,22-Oct-2015,15.28,15.61,15.28,15.3,5400
GST-B,22-Oct-2015,18.01,18.11,17.75,17.96,9900
GSV,22-Oct-2015,0.4,0.41,0.38,0.4,75600
GSY,22-Oct-2015,50,50.01,49.98,50.01,355000
GTAA,22-Oct-2015,22.94,22.94,22.94,22.94,100
GTE,22-Oct-2015,2.37,2.45,2.34,2.41,609100
GTU,22-Oct-2015,40.96,41.25,40.89,41.06,21900
GUNR,22-Oct-2015,25.95,26.31,25.95,26.26,203100
GUR,22-Oct-2015,26.14,26.22,26.14,26.22,1600
GURI,22-Oct-2015,12.78,12.78,12.78,12.78,100
GURU,22-Oct-2015,23.78,23.92,23.65,23.81,21200
GUSH,22-Oct-2015,14.16,14.29,13.12,13.68,73800
GV,22-Oct-2015,1.73,1.74,1.66,1.68,57400
GVAL,22-Oct-2015,19.22,19.28,19.18,19.23,8400
GVI,22-Oct-2015,111.36,111.54,111.29,111.5,243400
GVP,22-Oct-2015,1.4,1.4,1.39,1.39,3100
GVT,22-Oct-2015,43.33,43.33,43.33,43.33,1500
GWL,22-Oct-2015,27.03,27.26,27.03,27.16,78300
GWX,22-Oct-2015,29.16,29.42,29.03,29.33,24200
GXC,22-Oct-2015,76.31,77.55,76.31,77.42,37400
GXF,22-Oct-2015,22.15,22.4,22.15,22.31,15400
GXG,22-Oct-2015,8.84,9,8.8,8.98,52600
GYEN,22-Oct-2015,12.85,12.97,12.85,12.91,5600
GYLD,22-Oct-2015,20.45,20.7,20.36,20.44,312100
HACK,22-Oct-2015,26,26.5,25.89,26.34,401600
HAKD,22-Oct-2015,41.88,41.88,41.48,41.48,200
HAKK,22-Oct-2015,36.35,36.35,36.35,36.35,200
HAO,22-Oct-2015,26.03,26.35,26.03,26.26,126900
HAP,22-Oct-2015,29.7,30.17,29.7,30.13,33600
HBU,22-Oct-2015,18.76,18.76,18.76,18.76,100
HBZ,22-Oct-2015,19.02,19.02,19.02,19.02,100
HCHC,22-Oct-2015,7.97,7.97,7.47,7.52,64900
HDAW,22-Oct-2015,23.86,23.86,23.86,23.86,100
HDG,22-Oct-2015,42.25,42.25,42.25,42.25,100
HDGE,22-Oct-2015,10.85,10.85,10.68,10.71,235000
HDLS,22-Oct-2015,23.2,23.32,23.19,23.27,2300
HDLV,22-Oct-2015,26.98,27.43,26.92,27.29,11700
HDV,22-Oct-2015,74.26,75.58,74.26,75.49,280600
HDWM,22-Oct-2015,25,25,24.98,24.99,900
HDWX,22-Oct-2015,41.98,41.98,41.87,41.87,200
HEB,22-Oct-2015,0.15,0.15,0.14,0.14,401300
HECO,22-Oct-2015,36.88,36.88,36.88,36.88,100
HEDJ,22-Oct-2015,58.99,59.87,58.99,59.75,5874500
HEEM,22-Oct-2015,22.41,22.73,22.41,22.61,42000
HEFA,22-Oct-2015,26.05,26.37,26.05,26.29,855900
HEWG,22-Oct-2015,24.25,24.7,24.25,24.63,718100
HEWI,22-Oct-2015,24.09,24.47,24.07,24.37,8700
HEWJ,22-Oct-2015,29.6,30.09,29.6,29.96,603000
HEWL,22-Oct-2015,24.99,24.99,24.99,24.99,800
HEWP,22-Oct-2015,22.93,23.2,22.93,23.15,5600
HEWU,22-Oct-2015,23.94,23.94,23.94,23.94,700
HEZU,22-Oct-2015,26.48,26.87,26.48,26.8,1268200
HFEZ,22-Oct-2015,36.82,37.07,36.82,37.07,2100
HFXE,22-Oct-2015,18.65,18.65,18.65,18.65,500
HFXI,22-Oct-2015,18.82,18.82,18.82,18.82,100
HFXJ,22-Oct-2015,18.72,18.72,18.72,18.72,100
HGEU,22-Oct-2015,37.76,37.76,37.76,37.76,200
HGI,22-Oct-2015,15.6,15.68,15.59,15.64,8900
HH,22-Oct-2015,0.14,0.14,0.13,0.13,14200
HHYX,22-Oct-2015,24.85,24.85,24.67,24.71,13300
HILO,22-Oct-2015,12.87,12.92,12.87,12.91,4100
HIPS,22-Oct-2015,17.37,17.48,17.37,17.42,1300
HJPX,22-Oct-2015,26.77,26.77,26.77,26.77,100
HKOR,22-Oct-2015,31.73,31.73,31.73,31.73,100
HLM.P,22-Oct-2015,30.04,30.1,29.9,30.1,600
HLTH,22-Oct-2015,2.74,2.76,2.15,2.52,1572200
HMG,22-Oct-2015,11.54,11.54,11.54,11.54,100
HNW,22-Oct-2015,15.32,15.36,15.28,15.36,41500
HOML,22-Oct-2015,28.04,28.04,26.4,26.86,17600
HREX,22-Oct-2015,42.81,42.81,42.8,42.8,200
HSCZ,22-Oct-2015,24.47,24.47,24.47,24.47,700
HSPX,22-Oct-2015,43.67,43.9,43.34,43.63,9400
HTM,22-Oct-2015,0.62,0.63,0.6,0.6,201800
HTUS,22-Oct-2015,24.48,24.51,24.48,24.48,3100
HUSA,22-Oct-2015,0.17,0.19,0.17,0.17,17900
HUSE,22-Oct-2015,37.91,37.92,37.91,37.92,300
HVPW,22-Oct-2015,21.16,21.38,20.8,20.97,28100
HYD,22-Oct-2015,30.83,30.88,30.8,30.87,650600
HYEM,22-Oct-2015,23.02,23.08,22.94,22.99,80300
HYG,22-Oct-2015,85.58,85.68,85.41,85.53,11805000
HYGH,22-Oct-2015,87.38,87.38,87.2,87.22,8300
HYHG,22-Oct-2015,67.04,67.04,66.73,66.73,7000
HYLD,22-Oct-2015,36.75,37,36.75,36.91,50400
HYMB,22-Oct-2015,56.72,57,56.65,56.96,205700
HYS,22-Oct-2015,96.87,97.04,96.67,96.83,126800
HYXU,22-Oct-2015,47.5,47.5,46.72,46.74,8500
IAF,22-Oct-2015,5.71,5.73,5.7,5.72,28500
IAI,22-Oct-2015,39.08,40.01,39.08,39.9,51500
IAK,22-Oct-2015,51.58,52.07,51.58,51.85,26400
IAT,22-Oct-2015,33.88,34.65,33.88,34.31,138100
IAU,22-Oct-2015,11.25,11.32,11.24,11.27,5974900
IBCB,22-Oct-2015,99.38,99.38,99.38,99.38,100
IBCC,22-Oct-2015,99.36,99.36,99.36,99.36,200
IBCD,22-Oct-2015,98.79,99.21,98.77,99.21,19500
IBCE,22-Oct-2015,96.76,96.86,96.76,96.77,7800
IBDA,22-Oct-2015,100.99,100.99,100.99,100.99,100
IBDB,22-Oct-2015,102.88,102.88,102.65,102.65,1100
IBDC,22-Oct-2015,104.81,105.09,104.8,105,6400
IBDD,22-Oct-2015,104.56,105.91,104.55,104.55,900
IBDF,22-Oct-2015,25.13,25.13,25.12,25.13,7500
IBDH,22-Oct-2015,25.21,25.24,25.18,25.24,9600
IBDJ,22-Oct-2015,24.95,24.95,24.92,24.94,10700
IBDK,22-Oct-2015,25,25.06,24.97,25,9400
IBDL,22-Oct-2015,25.36,25.42,25.29,25.38,21000
IBDM,22-Oct-2015,24.79,24.92,24.78,24.85,14700
IBDN,22-Oct-2015,24.69,24.76,24.69,24.72,12700
IBDO,22-Oct-2015,24.59,24.62,24.57,24.57,8200
IBDP,22-Oct-2015,24.44,24.49,24.44,24.45,3700
IBDQ,22-Oct-2015,24.38,24.46,24.38,24.46,7700
IBIO,22-Oct-2015,0.68,0.69,0.65,0.65,76000
IBLN,22-Oct-2015,23.64,23.65,23.51,23.54,7500
IBME,22-Oct-2015,26.5,26.57,26.5,26.57,2900
IBMF,22-Oct-2015,27.48,27.49,27.45,27.48,4400
IBMG,22-Oct-2015,25.61,25.61,25.6,25.6,2000
IBMH,22-Oct-2015,25.62,25.64,25.58,25.61,4200
IBMI,22-Oct-2015,25.64,25.64,25.58,25.58,4200
IBMJ,22-Oct-2015,25.52,25.52,25.5,25.5,1400
IBND,22-Oct-2015,31.1,31.66,31.1,31.43,27400
IBO,22-Oct-2015,153.82,153.82,153.82,153.82,100
ICF,22-Oct-2015,99.35,99.98,99.02,99.68,339600
ICN,22-Oct-2015,21.16,21.2,21.16,21.2,1600
ICOL,22-Oct-2015,12.4,12.51,12.36,12.51,12400
ICSH,22-Oct-2015,49.9,49.9,49.9,49.9,100
IDHQ,22-Oct-2015,20.25,20.32,20.1,20.32,2100
IDI,22-Oct-2015,6.09,6.29,5.9,6.23,31600
IDLV,22-Oct-2015,29.9,30.14,29.79,30.04,45500
IDN,22-Oct-2015,1.02,1.07,1.02,1.02,41600
IDOG,22-Oct-2015,24.97,25.23,24.97,25.16,16000
IDU,22-Oct-2015,112.33,113.49,112.13,113.27,108300
IDV,22-Oct-2015,30.36,30.68,30.34,30.56,452900
IDX,22-Oct-2015,19.39,19.84,19.39,19.75,76200
IDXJ,22-Oct-2015,8.79,8.79,8.79,8.79,100
IEC,22-Oct-2015,3.69,3.69,3.55,3.55,10700
IEF,22-Oct-2015,108.03,108.2,107.85,108.09,2411300
IEFA,22-Oct-2015,56.19,56.73,56.19,56.55,1393800
IEI,22-Oct-2015,124.71,124.83,124.62,124.77,874000
IEIL,22-Oct-2015,23.55,23.74,23.55,23.71,7000
IEIS,22-Oct-2015,23.49,23.49,23.49,23.49,200
IELG,22-Oct-2015,31.99,32.29,31.99,32.16,2600
IEMG,22-Oct-2015,43.29,43.74,43.21,43.68,2967300
IEO,22-Oct-2015,61.72,62.27,61.23,62.05,68300
IESM,22-Oct-2015,30.64,30.64,30.64,30.64,200
IEUR,22-Oct-2015,44.08,44.42,43.95,44.23,174200
IEV,22-Oct-2015,42.1,42.54,42.1,42.39,546800
IEZ,22-Oct-2015,40.86,41.85,40.86,41.43,53300
IF,22-Oct-2015,6.09,6.11,6.07,6.08,13700
IFMI,22-Oct-2015,1.5,1.6,1.4,1.5,4200
IG,22-Oct-2015,6.65,6.73,5.9,6.27,1209100
IGC,22-Oct-2015,0.17,0.19,0.17,0.17,34400
IGE,22-Oct-2015,32.03,32.59,32.03,32.48,427700
IGF,22-Oct-2015,40.23,40.49,40.14,40.32,95000
IGHG,22-Oct-2015,73.78,73.85,73.53,73.73,5200
IGIH,22-Oct-2015,23.91,23.91,23.89,23.89,1000
IGM,22-Oct-2015,106.85,108.68,106.85,108.43,35200
IGN,22-Oct-2015,37.3,38.1,37.3,37.93,7400
IGV,22-Oct-2015,100.19,102.57,100.19,102.1,236800
IGZ,22-Oct-2015,10.5,10.5,10.5,10.5,200
IHDG,22-Oct-2015,26.21,26.59,26.21,26.54,35200
IHE,22-Oct-2015,146.46,146.46,141.64,145.06,294800
IHF,22-Oct-2015,124.68,124.68,116.02,117.98,421000
IHI,22-Oct-2015,116.96,116.97,114.48,115.41,102100
IHY,22-Oct-2015,23.72,23.73,23.52,23.67,14200
IJH,22-Oct-2015,142.64,143.6,142.16,143.07,841200
IJJ,22-Oct-2015,120.94,122.1,120.91,121.6,63000
IJK,22-Oct-2015,163.26,164.08,162.6,163.57,155400
IJR,22-Oct-2015,111.76,112.84,111.53,112.27,656200
IJS,22-Oct-2015,110.34,111.59,110.28,110.89,111900
IJT,22-Oct-2015,125.45,126.38,124.97,125.84,155300
ILB,22-Oct-2015,40.89,40.96,40.89,40.96,400
ILF,22-Oct-2015,23.9,24.21,23.9,24.16,350700
ILTB,22-Oct-2015,60.81,60.97,60.65,60.82,54800
IMH,22-Oct-2015,17.96,18.31,17.76,17.96,52100
IMLP,22-Oct-2015,21.76,21.76,21.23,21.25,59800
IMO,22-Oct-2015,33.38,33.9,33.23,33.49,490700
IMTM,22-Oct-2015,25.44,25.44,25.44,25.44,100
IMUC,22-Oct-2015,0.43,0.44,0.42,0.42,115100
INC,22-Oct-2015,98.8,98.83,98.8,98.83,500
INCO,22-Oct-2015,33,33.43,33,33.42,91500
INDA,22-Oct-2015,29.47,29.88,29.45,29.86,865200
INDL,22-Oct-2015,16.27,16.69,16.03,16.61,158200
INFU,22-Oct-2015,2.87,2.96,2.75,2.76,14400
INKM,22-Oct-2015,30.6,30.86,30.6,30.86,6000
INP,22-Oct-2015,68.31,69.48,68.31,69.15,18400
INR,22-Oct-2015,38.75,38.75,37.4,37.6,3600
INS,22-Oct-2015,2.82,2.85,2.82,2.85,1100
INTT,22-Oct-2015,4.07,4.23,4.06,4.08,1300
INUV,22-Oct-2015,2.81,3,2.7,2.86,113400
INXX,22-Oct-2015,11.46,11.53,11.42,11.53,24100
INY,22-Oct-2015,23.46,23.51,23.23,23.44,7300
IOIL,22-Oct-2015,12.83,12.83,12.83,12.83,2000
IOO,22-Oct-2015,73.87,74.98,73.87,74.84,29600
IOT,22-Oct-2015,7.55,7.55,7.55,7.55,100
IPAC,22-Oct-2015,48.45,48.95,48.41,48.75,133300
IPAY,22-Oct-2015,25.21,25.4,25.21,25.4,3000
IPB,22-Oct-2015,26.87,26.87,26.87,26.87,100
IPD,22-Oct-2015,38.1,38.26,38.1,38.26,500
IPE,22-Oct-2015,55.53,55.64,55.48,55.59,20600
IPF,22-Oct-2015,20.47,20.71,20.47,20.68,1800
IPFF,22-Oct-2015,17.29,17.29,16.93,17.05,23700
IPK,22-Oct-2015,32.12,32.12,32.12,32.12,100
IPN,22-Oct-2015,28.78,28.85,28.78,28.85,1300
IPO,22-Oct-2015,21.09,21.32,21.09,21.09,8000
IPOS,22-Oct-2015,20.03,20.03,19.99,19.99,400
IPS,22-Oct-2015,41.88,42.12,41.88,42.12,3800
IPU,22-Oct-2015,17.25,17.29,17.24,17.29,1000
IPW,22-Oct-2015,17.65,17.7,17.61,17.67,1400
IQDE,22-Oct-2015,22.46,22.57,22.45,22.51,11400
IQDF,22-Oct-2015,23.1,23.23,23.04,23.1,91500
IQDY,22-Oct-2015,23.61,23.84,23.61,23.83,2800
IQLT,22-Oct-2015,26.17,26.17,26.17,26.17,600
IRT,22-Oct-2015,7.54,7.66,7.46,7.65,168900
IRV,22-Oct-2015,18.31,18.31,18.31,18.31,100
IRY,22-Oct-2015,48.71,48.85,48.55,48.74,18100
ISDR,22-Oct-2015,7.7,7.7,7.7,7.7,8500
ISL,22-Oct-2015,17.26,17.31,17.26,17.31,700
ISR,22-Oct-2015,1.43,1.45,1.4,1.42,142300
ISRA,22-Oct-2015,29.62,29.63,29.35,29.39,19000
IST,22-Oct-2015,25.88,25.96,25.76,25.81,2700
ISTB,22-Oct-2015,100.53,100.55,100.39,100.52,13300
ITA,22-Oct-2015,113.49,116.56,113.49,116.15,53400
ITB,22-Oct-2015,27.85,28.01,27.2,27.78,7399000
ITE,22-Oct-2015,60.7,60.71,60.64,60.66,19000
ITI,22-Oct-2015,2.42,2.45,2.38,2.43,15100
ITIP,22-Oct-2015,40.31,40.43,40.25,40.26,128600
ITM,22-Oct-2015,23.69,23.72,23.63,23.67,659300
ITOT,22-Oct-2015,92.54,93.75,92.54,93.59,93700
ITR,22-Oct-2015,34.13,34.15,34.08,34.11,64900
IUSB,22-Oct-2015,100.96,101.01,100.85,100.86,16100
IUSG,22-Oct-2015,80.07,80.85,80.07,80.68,102700
IUSV,22-Oct-2015,128.69,130.42,128.69,130.19,20300
IVAL,22-Oct-2015,25.03,25.07,25.03,25.07,200
IVE,22-Oct-2015,88.85,90.12,88.79,89.99,554400
IVOG,22-Oct-2015,100.98,101.18,100.7,101.16,58500
IVOO,22-Oct-2015,95.94,96.57,95.67,96.11,12500
IVOV,22-Oct-2015,92.21,92.96,92.21,92.95,800
IVV,22-Oct-2015,204.15,206.65,203.96,206.34,4176500
IVW,22-Oct-2015,114.28,115.59,114.06,115.41,1129200
IWB,22-Oct-2015,113.14,114.45,113.03,114.25,1272800
IWC,22-Oct-2015,73.35,74.27,73.09,73.59,24800
IWD,22-Oct-2015,98.63,100.08,98.63,99.84,1818400
IWF,22-Oct-2015,98.08,99.17,97.92,99.06,2683700
IWL,22-Oct-2015,46.54,46.67,46.54,46.67,1000
IWM,22-Oct-2015,114.41,115.42,113.73,114.72,36882500
IWN,22-Oct-2015,95.22,96.29,95.15,95.71,1417500
IWO,22-Oct-2015,139.02,140.05,137.63,139.01,1071000
IWP,22-Oct-2015,92.32,93.29,92.15,93.09,197500
IWR,22-Oct-2015,163.05,164.66,162.81,164.18,123200
IWS,22-Oct-2015,70.74,71.42,70.71,71.13,292300
IWV,22-Oct-2015,120.42,121.71,120.19,121.45,110300
IWX,22-Oct-2015,41.61,42.19,41.61,42.16,7000
IWY,22-Oct-2015,52.4,52.96,52.4,52.87,23400
IXC,22-Oct-2015,32.06,32.52,32.04,32.47,288700
IXG,22-Oct-2015,54.28,55.01,54.28,54.79,5900
IXJ,22-Oct-2015,100.54,100.54,99.2,100.25,54300
IXN,22-Oct-2015,96.4,98.09,96.4,97.92,36300
IXP,22-Oct-2015,59.84,60.6,59.84,60.4,14600
IXUS,22-Oct-2015,51.91,52.56,51.91,52.42,228200
IYC,22-Oct-2015,144.6,145.57,144.33,145.18,61000
IYE,22-Oct-2015,37.97,38.51,37.93,38.47,1047000
IYF,22-Oct-2015,87.92,89.16,87.83,88.89,536100
IYG,22-Oct-2015,88.24,89.83,88.24,89.35,54900
IYH,22-Oct-2015,143.63,143.82,140.6,142.48,192800
IYJ,22-Oct-2015,102.57,105.13,102.57,104.83,60700
IYK,22-Oct-2015,108.96,110.92,108.96,110.79,49400
IYLD,22-Oct-2015,24.17,24.29,24.05,24.26,26100
IYM,22-Oct-2015,71.44,72.66,71.44,72.54,62300
IYR,22-Oct-2015,75.89,76.77,75.77,76.6,8893800
IYT,22-Oct-2015,146.54,148.68,146.54,148.05,375700
IYW,22-Oct-2015,104.9,106.69,104.9,106.46,216000
IYY,22-Oct-2015,101.8,102.99,101.8,102.78,21100
IYZ,22-Oct-2015,29.07,29.64,29.07,29.59,132000
JDG,22-Oct-2015,23.42,23.65,23.42,23.62,400
JDST,22-Oct-2015,25.15,25.22,22.89,24.11,768700
JEM,22-Oct-2015,30.32,30.42,30.32,30.42,5200
JETS,22-Oct-2015,25.05,25.34,24.82,25.28,47000
JGBD,22-Oct-2015,14.34,14.34,14.34,14.34,1400
JGBL,22-Oct-2015,21.61,21.61,21.61,21.61,100
JGBS,22-Oct-2015,17.43,17.54,17.43,17.51,1300
JHDG,22-Oct-2015,24.53,24.66,24.53,24.66,200
JHMC,22-Oct-2015,25.86,25.88,25.84,25.88,20200
JHMF,22-Oct-2015,26.01,26.01,25.98,25.98,20200
JHMH,22-Oct-2015,24.66,24.66,24.66,24.66,20000
JHML,22-Oct-2015,26.33,26.41,26.3,26.41,22200
JHMM,22-Oct-2015,25.92,26.04,25.89,26.04,20300
JHMT,22-Oct-2015,27.06,27.06,26.99,26.99,20500
JJA,22-Oct-2015,35.84,35.84,35.76,35.76,800
JJC,22-Oct-2015,28.22,28.23,27.91,27.94,6500
JJE,22-Oct-2015,7.48,7.5,7.48,7.5,2100
JJG,22-Oct-2015,32.88,32.88,32.44,32.45,66000
JJM,22-Oct-2015,21.27,21.27,21.17,21.17,900
JJN,22-Oct-2015,13.09,13.1,12.97,13.1,6200
JJP,22-Oct-2015,54.85,54.85,54.36,54.36,900
JJS,22-Oct-2015,32.98,32.98,32.98,32.98,200
JJT,22-Oct-2015,35.07,35.07,35.07,35.07,100
JJU,22-Oct-2015,14,14,14,14,100
JKD,22-Oct-2015,117.87,119.32,117.79,119.11,13200
JKE,22-Oct-2015,119.02,119.91,119.02,119.77,25800
JKF,22-Oct-2015,81.89,83.22,81.89,83.07,7100
JKG,22-Oct-2015,144.88,146.24,144.68,145.91,9000
JKH,22-Oct-2015,155.57,156.29,155,156.29,1700
JKI,22-Oct-2015,120.01,121.28,120.01,120.92,4300
JKJ,22-Oct-2015,132.13,132.96,131.97,132.17,3900
JKK,22-Oct-2015,133.88,134.19,133.31,133.94,1100
JKL,22-Oct-2015,118.55,119.51,118.55,118.94,9700
JNK,22-Oct-2015,36.58,36.58,36.42,36.45,12253100
JNUG,22-Oct-2015,47.89,52.19,47.75,49.72,464500
JO,22-Oct-2015,19.57,19.71,19.37,19.44,180500
JOB,22-Oct-2015,6.96,7.15,6.44,6.95,18800
JPEM,22-Oct-2015,45.94,45.94,45.94,45.94,100
JPGE,22-Oct-2015,50.61,50.99,50.61,50.99,12000
JPIN,22-Oct-2015,51.25,51.99,51.01,51.79,38800
JPMV,22-Oct-2015,56.42,56.82,56.42,56.73,4800
JPN,22-Oct-2015,23.57,23.57,23.57,23.57,100
JPNL,22-Oct-2015,47.27,48.96,47.27,48.15,37100
JPP,22-Oct-2015,47.26,47.61,47.15,47.23,7600
JPUS,22-Oct-2015,53.62,54.29,53.6,53.94,1100
JPX,22-Oct-2015,25.3,25.3,25.3,25.3,100
JPXN,22-Oct-2015,53.44,53.79,53.44,53.79,4400
JRS,22-Oct-2015,11,11.17,10.98,11.13,46900
JSC,22-Oct-2015,53.91,53.91,53.84,53.84,600
JXI,22-Oct-2015,46.72,47.11,46.72,46.99,24100
KBA,22-Oct-2015,45.4,45.54,45.4,45.54,900
KBE,22-Oct-2015,33.71,34.39,33.66,34.08,2406000
KBWB,22-Oct-2015,36.56,37.27,36.56,36.94,58800
KBWC,22-Oct-2015,52.07,52.7,52.07,52.7,2200
KBWD,22-Oct-2015,22.8,23,22.77,22.89,64000
KBWI,22-Oct-2015,70.63,71.12,70.6,71.12,800
KBWP,22-Oct-2015,48.37,48.67,48.26,48.59,15700
KBWR,22-Oct-2015,41.74,41.97,41.49,41.49,3200
KBWY,22-Oct-2015,31.95,32.19,31.92,32.15,11400
KCE,22-Oct-2015,42.87,43.56,42.86,43.5,4400
KCNY,22-Oct-2015,34.2,34.27,34.2,34.22,12800
KIE,22-Oct-2015,70.65,71.25,70.65,70.86,29800
KIQ,22-Oct-2015,1.27,1.27,1.25,1.26,4900
KLD,22-Oct-2015,83.04,84.22,83.04,84.16,5600
KLDW,22-Oct-2015,24.66,24.66,24.66,24.66,1200
KLDX,22-Oct-2015,2.5,2.6,2.43,2.55,50400
KLEM,22-Oct-2015,23.82,23.82,23.81,23.81,300
KNOW,22-Oct-2015,69.17,69.86,69.17,69.74,9800
KOL,22-Oct-2015,8.88,9,8.88,8.93,14500
KOLD,22-Oct-2015,106.49,109.26,104.47,108.44,21100
KORU,22-Oct-2015,28.2,28.7,28.2,28.7,5700
KRE,22-Oct-2015,41.56,42.57,41.56,42.15,3972400
KROO,22-Oct-2015,13.88,13.88,13.79,13.79,2200
KRS,22-Oct-2015,24.25,24.25,24.25,24.25,500
KRU,22-Oct-2015,98,98,98,98,200
KSA,22-Oct-2015,25.52,25.63,25.46,25.48,900
KWT,22-Oct-2015,61,61,61,61,100
KXI,22-Oct-2015,94.39,95.56,94.39,95.4,34900
LABD,22-Oct-2015,46.31,50.67,44.59,47.35,917400
LABU,22-Oct-2015,17.41,18.14,15.92,17.05,3388700
LAG,22-Oct-2015,58.05,58.16,58.05,58.1,24700
LAQ,22-Oct-2015,17.05,17.3,17,17.26,23900
LBJ,22-Oct-2015,17.1,17.6,17.1,17.47,6700
LBMH,22-Oct-2015,2.69,2.74,2.69,2.7,42700
LBY,22-Oct-2015,32.65,34.16,32.62,34.14,76100
LDUR,22-Oct-2015,101.17,101.17,101.03,101.05,38100
LEI,22-Oct-2015,2.69,2.85,2.46,2.65,93200
LEMB,22-Oct-2015,41.52,41.58,41.44,41.56,23800
LEU,22-Oct-2015,3.25,3.25,2.9,3.03,123700
LGL,22-Oct-2015,4,4.09,3.8,4.07,4300
LGL.W,22-Oct-2015,0.01,0.01,0.01,0.01,100
LGLV,22-Oct-2015,74.55,74.55,74.55,74.55,400
LIQT,22-Oct-2015,1.06,1.08,1.04,1.07,1100
LIT,22-Oct-2015,10.22,10.41,10.22,10.34,11000
LMLP,22-Oct-2015,16.12,16.56,16.06,16.36,149000
LNG,22-Oct-2015,46.4,47,44.6,45.96,2984700
LODE,22-Oct-2015,0.6,0.64,0.6,0.61,133600
LOV,22-Oct-2015,3.41,3.45,3.41,3.42,7500
LOWC,22-Oct-2015,72.86,72.86,72.86,72.86,200
LQD,22-Oct-2015,117.31,117.78,117.22,117.59,2396900
LQDH,22-Oct-2015,92.53,92.53,92.53,92.53,100
LRET,22-Oct-2015,26.29,26.57,26.23,26.5,11900
LRGF,22-Oct-2015,24.18,24.18,24.14,24.14,300
LSG,22-Oct-2015,0.89,0.92,0.89,0.89,267000
LSTK,22-Oct-2015,45.67,45.67,45.67,45.67,100
LTL,22-Oct-2015,86.64,86.64,86.64,86.64,200
LTPZ,22-Oct-2015,61.69,62.23,61.61,62.23,800
LTS,22-Oct-2015,2.46,2.57,2.46,2.53,250100
LTS-A,22-Oct-2015,23.8,23.84,23.52,23.65,49100
LVL,22-Oct-2015,9.63,9.72,9.63,9.68,53600
LWC,22-Oct-2015,39.04,39.26,39.04,39.08,9800
MAB,22-Oct-2015,14.2,14.42,14.2,14.27,4600
MATH,22-Oct-2015,28.71,28.77,28.71,28.77,300
MBB,22-Oct-2015,109.77,109.81,109.67,109.74,1943100
MBG,22-Oct-2015,27.08,27.11,27.03,27.11,20200
MCF,22-Oct-2015,9.13,9.43,8.76,8.98,66100
MCHI,22-Oct-2015,48.35,49.12,48.35,49.01,523400
MCRO,22-Oct-2015,24.34,24.96,24.34,24.96,600
MCZ,22-Oct-2015,0.67,0.68,0.65,0.66,174000
MDD,22-Oct-2015,30.26,30.28,29.75,30.28,3900
MDG.W,22-Oct-2015,1.6,1.8,1.6,1.8,400
MDGN,22-Oct-2015,6.7,6.86,6.5,6.79,116200
MDY,22-Oct-2015,259.99,261.69,259.08,260.67,2969600
MDYG,22-Oct-2015,121.02,121.19,120.19,120.75,10500
MDYV,22-Oct-2015,80.85,81.21,80.51,80.78,10300
MEAR,22-Oct-2015,50.06,50.15,50.06,50.15,400
MES,22-Oct-2015,24.98,24.98,24.98,24.98,500
MGC,22-Oct-2015,69.2,70.06,69.19,69.98,42200
MGH,22-Oct-2015,0.17,0.19,0.17,0.17,33200
MGK,22-Oct-2015,82.58,83.53,82.57,83.49,57400
MGN,22-Oct-2015,0.31,0.31,0.31,0.31,11700
MGT,22-Oct-2015,0.39,0.39,0.33,0.37,71800
MGV,22-Oct-2015,58.32,59.23,58.32,59.15,55700
MHE,22-Oct-2015,13.42,13.44,13.42,13.44,500
MHH,22-Oct-2015,7.49,7.77,7.24,7.77,7300
MHR-C,22-Oct-2015,4.45,4.65,4.06,4.37,91600
MHR-D,22-Oct-2015,3.85,4.04,3.58,3.77,87300
MHR-E,22-Oct-2015,2,2,1.98,1.99,4000
MIDU,22-Oct-2015,22.44,22.86,22.24,22.61,94000
MIDZ,22-Oct-2015,44,44.53,43.32,43.71,27900
MINC,22-Oct-2015,48.99,49.11,48.98,49.09,33800
MINT,22-Oct-2015,100.83,100.87,100.83,100.86,264400
MIW,22-Oct-2015,13.17,13.47,13.17,13.47,600
MJCO,22-Oct-2015,4.83,4.86,4.83,4.86,1400
MLN,22-Oct-2015,19.6,19.61,19.55,19.61,35200
MLPA,22-Oct-2015,11.8,11.8,11.39,11.49,133100
MLPC,22-Oct-2015,17.5,17.5,17.11,17.31,6100
MLPG,22-Oct-2015,24.45,24.47,24.21,24.21,1000
MLPI,22-Oct-2015,28.99,29.43,28.04,28.27,1100900
MLPJ,22-Oct-2015,9.96,9.96,9.93,9.93,200
MLPL,22-Oct-2015,27.31,27.31,25.61,26.31,270200
MLPN,22-Oct-2015,22.46,22.6,21.68,21.93,146800
MLPV,22-Oct-2015,15.38,15.38,15.38,15.38,100
MLPW,22-Oct-2015,24.58,24.58,24.58,24.58,100
MLPX,22-Oct-2015,14.94,14.94,14.58,14.69,355000
MLPY,22-Oct-2015,9.75,9.76,9.25,9.38,97600
MLSS,22-Oct-2015,2.83,3,2.7,2.71,66800
MLTI,22-Oct-2015,26.37,26.37,26.37,26.37,100
MMTM,22-Oct-2015,87.31,87.49,87.31,87.49,300
MMV,22-Oct-2015,13.86,13.87,13.81,13.85,7100
MNA,22-Oct-2015,27.94,27.99,27.46,27.52,19500
MOAT,22-Oct-2015,29.55,30.16,29.55,30.06,95300
MOC,22-Oct-2015,1.89,1.89,1.87,1.87,300
MOM,22-Oct-2015,27.21,27.21,27.17,27.17,300
MOO,22-Oct-2015,48.83,49.37,48.72,49.37,63200
MORL,22-Oct-2015,14.5,14.79,14.45,14.62,279200
MORT,22-Oct-2015,20.81,20.9,20.75,20.8,14000
MOTI,22-Oct-2015,28.58,28.65,28.58,28.65,3100
MRGR,22-Oct-2015,36.21,36.21,36.21,36.21,100
MRRL,22-Oct-2015,14.79,14.79,14.68,14.68,1400
MSN,22-Oct-2015,1.22,1.24,1.22,1.22,1800
MSTX,22-Oct-2015,0.47,0.48,0.46,0.48,248700
MTK,22-Oct-2015,52.61,53.49,52.61,53.39,24400
MTUM,22-Oct-2015,70.97,71.2,70.7,71.17,341500
MUB,22-Oct-2015,109.7,109.72,109.52,109.68,230100
MUNI,22-Oct-2015,53.63,53.63,53.5,53.52,28300
MVF,22-Oct-2015,9.86,9.98,9.85,9.89,73200
MVG,22-Oct-2015,7.53,7.85,7.53,7.68,25700
MVV,22-Oct-2015,70.86,71.61,70.35,71.19,59700
MXI,22-Oct-2015,49.18,49.68,49.18,49.56,10300
MYY,22-Oct-2015,16.08,16.1,15.98,16.02,9500
MZA,22-Oct-2015,17.04,17.04,17.04,17.04,100
MZZ,22-Oct-2015,39.82,39.82,39.41,39.47,1600
NAIL,22-Oct-2015,30.16,31.02,30.15,31.02,600
NAK,22-Oct-2015,0.35,0.36,0.34,0.34,47700
NASH,22-Oct-2015,27.69,27.7,27.65,27.65,2000
NAVB,22-Oct-2015,1.92,1.95,1.84,1.9,994100
NBH,22-Oct-2015,15.62,15.71,15.57,15.68,20100
NBO,22-Oct-2015,13.96,14,13.82,13.98,11100
NBW,22-Oct-2015,15.16,15.16,15.05,15.08,4300
NBY,22-Oct-2015,0.3,0.33,0.3,0.32,58700
NCB,22-Oct-2015,16.59,16.59,16.45,16.5,5900
NCQ,22-Oct-2015,0.36,0.38,0.36,0.37,105300
NEAR,22-Oct-2015,50.04,50.09,50.04,50.09,723700
NEN,22-Oct-2015,49.5,49.5,49.39,49.39,300
NFLT,22-Oct-2015,24.99,25.12,24.99,25.03,18700
NFO,22-Oct-2015,47.64,47.77,47.37,47.37,1600
NFRA,22-Oct-2015,43.62,43.95,43.62,43.78,36700
NG,22-Oct-2015,3.65,3.76,3.57,3.76,1124700
NGD,22-Oct-2015,2.73,2.87,2.73,2.79,2029500
NGE,22-Oct-2015,8.4,8.56,8.38,8.47,73900
NHC,22-Oct-2015,64.31,64.72,64.05,64.64,19400
NHC-A,22-Oct-2015,15.77,15.78,15.76,15.76,5500
NHS,22-Oct-2015,10.63,10.7,10.63,10.65,28300
NIB,22-Oct-2015,41.05,41.05,40.48,40.52,4200
NINI,22-Oct-2015,17.9,17.9,17.9,17.9,100
NJV,22-Oct-2015,14.3,14.35,14.18,14.35,1200
NKY,22-Oct-2015,18.44,18.64,18.44,18.59,21800
NLR,22-Oct-2015,49.36,49.51,49.14,49.49,1100
NML,22-Oct-2015,13.39,13.45,12.91,13.08,404700
NMZ,22-Oct-2015,13.56,13.71,13.54,13.66,67700
NNVC,22-Oct-2015,1.3,1.34,1.3,1.3,68500
NOBL,22-Oct-2015,49.06,49.9,49.06,49.81,146100
NOG,22-Oct-2015,5,5.03,4.76,4.91,1519200
NOM,22-Oct-2015,14.69,14.7,14.69,14.7,1500
NORW,22-Oct-2015,11.01,11.11,10.94,11.04,85100
NRO,22-Oct-2015,5.03,5.09,5.03,5.07,231200
NSAT,22-Oct-2015,4.15,4.16,4.11,4.11,4000
NSPR,22-Oct-2015,1.31,1.36,1.29,1.34,69200
NSU,22-Oct-2015,3.18,3.22,3.13,3.15,147400
NTIP,22-Oct-2015,2.02,2.02,1.93,1.99,1600
NTN,22-Oct-2015,0.33,0.33,0.31,0.32,11800
NUGT,22-Oct-2015,41.33,44.95,41.1,43.85,4022000
NVG,22-Oct-2015,14.04,14.09,14.03,14.09,15300
NVX,22-Oct-2015,15.15,15.17,15.03,15.05,24800
NXZ,22-Oct-2015,13.73,13.73,13.7,13.71,49400
NYF,22-Oct-2015,111.18,111.2,110.95,111.16,3500
NYH,22-Oct-2015,12.3,12.34,12.3,12.34,1400
NYV,22-Oct-2015,15.17,15.17,14.83,14.87,10400
NZF,22-Oct-2015,13.72,13.78,13.72,13.75,31300
NZH,22-Oct-2015,13.62,13.65,13.58,13.59,49300
OAPH,22-Oct-2015,26.4,26.4,26.4,26.4,100
OASI,22-Oct-2015,24.72,24.72,24.72,24.72,600
OEF,22-Oct-2015,90.25,91.45,90.2,91.35,1316000
OEUH,22-Oct-2015,27.04,27.19,27.04,27.19,1900
OEUR,22-Oct-2015,24.5,24.5,24.5,24.5,100
OGEN,22-Oct-2015,1.31,1.33,1.25,1.29,15500
OIH,22-Oct-2015,30.67,31.37,30.61,31.09,8461100
OIL,22-Oct-2015,8.6,8.67,8.47,8.51,1613100
OLEM,22-Oct-2015,18.85,18.85,18.55,18.55,1000
OLO,22-Oct-2015,5.78,5.81,5.73,5.78,3200
ONEK,22-Oct-2015,95.86,96.3,95.86,96.3,1000
ONP,22-Oct-2015,1.84,1.95,1.84,1.94,31900
ONVO,22-Oct-2015,3.13,3.22,2.96,3.07,853900
ORM,22-Oct-2015,14.19,14.24,13.99,14.15,31500
OSGB,22-Oct-2015,3.45,3.45,3.41,3.44,12600
OUNZ,22-Oct-2015,11.59,11.65,11.59,11.59,5600
OUSA,22-Oct-2015,24.85,25.21,24.85,25.18,31500
PAF,22-Oct-2015,46.18,46.18,46.17,46.17,300
PAK,22-Oct-2015,14.43,14.43,14.43,14.43,100
PALL,22-Oct-2015,65,66.31,65,66.3,9600
PARR,22-Oct-2015,21.31,21.73,21.06,21.57,185400
PBD,22-Oct-2015,11.58,11.69,11.57,11.64,20000
PBE,22-Oct-2015,46.81,47.53,46.06,47.14,157100
PBJ,22-Oct-2015,33.28,33.96,33.28,33.87,89200
PBM,22-Oct-2015,1.69,1.84,1.69,1.84,7800
PBP,22-Oct-2015,20.82,20.98,20.82,20.97,84500
PBS,22-Oct-2015,25.45,25.76,25.45,25.68,123700
PBW,22-Oct-2015,4.45,4.49,4.41,4.45,36900
PCEF,22-Oct-2015,21.8,21.92,21.8,21.89,63500
PCG-A,22-Oct-2015,29.39,29.64,29.38,29.38,2800
PCG-B,22-Oct-2015,27.23,27.29,26.44,26.44,3800
PCG-C,22-Oct-2015,25.82,26.7,25.82,26,4300
PCG-D,22-Oct-2015,25.22,27.49,25.15,25.82,6300
PCG-E,22-Oct-2015,24.5,24.5,24.5,24.5,300
PCG-G,22-Oct-2015,24.37,24.75,24.1,24.75,2800
PCY,22-Oct-2015,28.06,28.13,28.01,28.11,646400
PDN,22-Oct-2015,26.57,27.02,26.57,27.02,9400
PDP,22-Oct-2015,41.61,41.87,41.43,41.84,224200
PED,22-Oct-2015,0.24,0.25,0.23,0.24,15400
PEJ,22-Oct-2015,37.61,38.01,37.31,37.89,27400
PEK,22-Oct-2015,44.18,44.86,44.18,44.81,44900
PERM,22-Oct-2015,24.21,24.21,24.21,24.21,100
PEX,22-Oct-2015,39.73,40.02,39.73,40.02,2100
PEY,22-Oct-2015,13.45,13.64,13.45,13.62,473700
PEZ,22-Oct-2015,46.87,47.67,46.74,47.06,25000
PFF,22-Oct-2015,39.12,39.17,39.09,39.15,2892200
PFI,22-Oct-2015,30.61,30.96,30.61,30.91,2200
PFIG,22-Oct-2015,25.46,25.49,25.42,25.42,10900
PFM,22-Oct-2015,20.54,20.87,20.54,20.84,34800
PFNX,22-Oct-2015,15.85,16.56,15.36,16.13,54100
PFXF,22-Oct-2015,19.74,19.94,19.74,19.87,177000
PGAL,22-Oct-2015,10.76,10.86,10.76,10.77,35600
PGF,22-Oct-2015,18.48,18.54,18.45,18.51,391500
PGHY,22-Oct-2015,23.27,23.28,23.21,23.24,4200
PGJ,22-Oct-2015,28.51,28.89,28.37,28.66,26800
PGM,22-Oct-2015,21.02,21.23,21.02,21.23,700
PGX,22-Oct-2015,14.77,14.79,14.75,14.79,956000
PHB,22-Oct-2015,18.25,18.27,18.2,18.21,281600
PHDG,22-Oct-2015,24.33,24.58,24.33,24.55,22900
PHF,22-Oct-2015,6.5,6.63,6.5,6.55,43400
PHO,22-Oct-2015,22.14,22.68,22.13,22.6,71300
PHYS,22-Oct-2015,9.57,9.64,9.55,9.57,542300
PICB,22-Oct-2015,26.13,26.13,25.96,25.97,167400
PICK,22-Oct-2015,10.55,10.77,10.54,10.74,66300
PID,22-Oct-2015,15.63,15.81,15.63,15.76,315800
PIE,22-Oct-2015,16.02,16.25,16.02,16.2,150400
PILL,22-Oct-2015,29.65,29.65,29.49,29.49,700
PIN,22-Oct-2015,20.53,20.81,20.51,20.77,1270600
PIO,22-Oct-2015,21.82,22.13,21.82,22.09,20300
PIP,22-Oct-2015,1.66,1.69,1.6,1.63,12300
PIZ,22-Oct-2015,23.07,23.24,23.07,23.2,40000
PJP,22-Oct-2015,66.82,66.82,64.68,66.21,389300
PKB,22-Oct-2015,23.65,24.07,23.61,24.02,6700
PKW,22-Oct-2015,45.98,46.57,45.98,46.46,243300
PLG,22-Oct-2015,0.28,0.29,0.28,0.28,843800
PLM,22-Oct-2015,0.78,0.8,0.76,0.8,106700
PLND,22-Oct-2015,16.15,16.19,16.11,16.14,5400
PLW,22-Oct-2015,32.95,32.98,32.85,32.93,30100
PLX,22-Oct-2015,1.08,1.09,1.03,1.03,232700
PMR,22-Oct-2015,38.49,38.49,38.43,38.43,2000
PPA,22-Oct-2015,34.21,35.1,34.21,34.96,63600
PPH,22-Oct-2015,62.33,62.33,61.03,61.86,517500
PPLT,22-Oct-2015,96.75,97.69,96.66,97.52,11200
PRB,22-Oct-2015,24.54,24.58,24.54,24.58,1600
PRF,22-Oct-2015,87.68,88.79,87.68,88.71,71000
PRK,22-Oct-2015,92.16,93.88,92.16,93.88,23900
PRN,22-Oct-2015,43.57,44.38,43.57,44.31,16200
PSI,22-Oct-2015,25.23,25.55,25.23,25.5,27300
PSJ,22-Oct-2015,42.72,43.33,42.61,43.18,102800
PSK,22-Oct-2015,44.64,44.73,44.47,44.6,188200
PSL,22-Oct-2015,56.36,56.92,56.33,56.92,128200
PSLV,22-Oct-2015,6.07,6.13,6.07,6.09,206000
PSP,22-Oct-2015,10.93,11.07,10.93,11,93400
PSQ,22-Oct-2015,54.43,54.55,53.74,53.79,490200
PSR,22-Oct-2015,73.78,74.4,73.78,74.4,800
PST,22-Oct-2015,22.59,22.67,22.55,22.62,14300
PTF,22-Oct-2015,40.03,40.89,40.03,40.83,55900
PTH,22-Oct-2015,52.55,52.62,50.15,51.11,97700
PTLC,22-Oct-2015,23.65,23.65,23.57,23.58,94800
PTM,22-Oct-2015,10.81,10.81,10.81,10.81,100
PTMC,22-Oct-2015,23.22,23.23,23.2,23.2,36300
PTN,22-Oct-2015,0.79,0.79,0.77,0.78,192700
PTNQ,22-Oct-2015,23.44,23.45,23.43,23.45,19600
PUI,22-Oct-2015,22.85,23.01,22.85,23.01,1300
PUW,22-Oct-2015,21.63,21.75,21.46,21.51,10700
PVC.W,22-Oct-2015,0.25,0.27,0.23,0.27,32900
PVCT,22-Oct-2015,0.5,0.51,0.48,0.51,243200
PVI,22-Oct-2015,24.92,24.93,24.92,24.93,7100
PW,22-Oct-2015,4.73,4.74,4.35,4.35,1300
PWB,22-Oct-2015,30.7,30.87,30.59,30.84,207400
PWC,22-Oct-2015,73.93,74.35,73.9,74.31,4200
PWV,22-Oct-2015,29.45,29.95,29.45,29.9,170800
PWZ,22-Oct-2015,25.48,25.55,25.46,25.5,11400
PXE,22-Oct-2015,25.36,25.68,25.14,25.48,312600
PXF,22-Oct-2015,38.55,38.93,38.55,38.79,59000
PXH,22-Oct-2015,15.79,15.91,15.78,15.89,51100
PXI,22-Oct-2015,38.9,39.26,38.59,39.12,7300
PXJ,22-Oct-2015,13.95,14.28,13.95,14.09,10800
PXLG,22-Oct-2015,33.16,33.35,33.16,33.32,5900
PXLV,22-Oct-2015,29.23,29.23,29.22,29.22,500
PXMG,22-Oct-2015,30.15,30.21,30.07,30.21,4200
PXMV,22-Oct-2015,26.2,26.32,26.17,26.2,3200
PXQ,22-Oct-2015,34.69,35.48,34.69,35.35,13400
PXR,22-Oct-2015,31.51,31.83,31.51,31.83,26800
PXSG,22-Oct-2015,24.17,24.33,23.97,23.97,1900
PXSV,22-Oct-2015,24.54,24.55,24.35,24.37,1800
PYZ,22-Oct-2015,49.29,49.63,49.17,49.53,3400
PZA,22-Oct-2015,25.16,25.19,25.13,25.18,92600
PZD,22-Oct-2015,28.34,28.74,28.34,28.68,6400
PZG,22-Oct-2015,1.19,1.2,1.16,1.2,11600
PZI,22-Oct-2015,15.41,15.53,15.34,15.44,1200
PZT,22-Oct-2015,24.13,24.13,24.05,24.05,600
QAI,22-Oct-2015,29.12,29.18,29.09,29.16,342300
QCAN,22-Oct-2015,49.98,50.43,49.98,50.41,1300
QDEF,22-Oct-2015,35.58,35.85,35.58,35.83,11500
QDEU,22-Oct-2015,51.85,52.28,51.85,52.28,400
QDF,22-Oct-2015,35.42,35.92,35.42,35.89,18400
QDYN,22-Oct-2015,34.47,34.88,34.47,34.88,10100
QEFA,22-Oct-2015,56,56,56,56,100
QEMM,22-Oct-2015,51.47,51.6,51.36,51.44,6200
QESP,22-Oct-2015,46.97,46.97,46.97,46.97,100
QGBR,22-Oct-2015,52.92,52.92,52.92,52.92,100
QID,22-Oct-2015,32.42,32.6,31.61,31.63,6965300
QJPN,22-Oct-2015,63.88,63.88,63.88,63.88,100
QLD,22-Oct-2015,73.83,75.63,73.46,75.54,2353300
QLTA,22-Oct-2015,51.42,51.67,51.39,51.5,4000
QLTB,22-Oct-2015,50.77,50.96,50.77,50.91,7200
QLTC,22-Oct-2015,45.63,45.65,45.59,45.65,1500
QMEX,22-Oct-2015,24.14,24.14,24.14,24.14,100
QMN,22-Oct-2015,25.23,25.33,25.22,25.33,2400
QQQE,22-Oct-2015,63.73,64.53,63.7,64.51,22800
QUAL,22-Oct-2015,63.89,65.04,63.78,64.92,468500
QVAL,22-Oct-2015,23.99,24.11,23.9,24.11,6900
QVM,22-Oct-2015,24.1,24.28,24.1,24.22,1400
QWLD,22-Oct-2015,60.5,61,60.5,61,600
RALS,22-Oct-2015,39.47,39.47,39.18,39.18,41400
RAVI,22-Oct-2015,75.35,75.36,75.26,75.29,4900
RBL,22-Oct-2015,16.47,16.47,16.33,16.42,9400
RBY,22-Oct-2015,0.47,0.48,0.46,0.47,861400
RCD,22-Oct-2015,88.29,88.97,88.1,88.84,33400
RCG,22-Oct-2015,0.86,0.86,0.86,0.86,100
RDIV,22-Oct-2015,29.59,29.83,29.59,29.76,3900
REE,22-Oct-2015,0.28,0.28,0.26,0.26,85800
REED,22-Oct-2015,5.09,5.16,5.09,5.14,9200
REET,22-Oct-2015,25.85,25.92,25.85,25.87,2600
REGL,22-Oct-2015,39.73,39.75,39.73,39.75,600
REI,22-Oct-2015,10.93,11.25,10.83,11.23,47100
REK,22-Oct-2015,19.44,19.5,19.33,19.38,8800
REM,22-Oct-2015,10.21,10.32,10.21,10.28,505400
REMX,22-Oct-2015,16.88,17.06,16.88,16.98,5900
RETL,22-Oct-2015,33.02,34.03,33.02,33.84,22400
REW,22-Oct-2015,48.76,48.76,47.53,47.85,2800
REZ,22-Oct-2015,62.47,62.91,62.4,62.71,175400
RFG,22-Oct-2015,128.56,128.95,127.51,128.48,34800
RFV,22-Oct-2015,50.5,51.02,50.5,50.76,8100
RGI,22-Oct-2015,83.32,85,83.32,84.76,2700
RHS,22-Oct-2015,113,114.56,112.95,114.37,65100
RIC,22-Oct-2015,3.07,3.14,3.04,3.14,46100
RIF,22-Oct-2015,19.4,19.58,19.4,19.5,13100
RIGS,22-Oct-2015,24.62,24.62,24.45,24.46,194400
RINF,22-Oct-2015,28.02,28.43,28.01,28.16,3500
RING,22-Oct-2015,6.19,6.36,6.19,6.32,17500
RJA,22-Oct-2015,6.55,6.58,6.49,6.5,27200
RJI,22-Oct-2015,5.27,5.3,5.22,5.24,327500
RJN,22-Oct-2015,2.97,2.99,2.95,2.95,37300
RJZ,22-Oct-2015,7.01,7.01,7.01,7.01,100
RLGT,22-Oct-2015,3.97,4.05,3.91,4,171800
RLY,22-Oct-2015,23.94,23.99,23.91,23.96,34800
RNN,22-Oct-2015,0.45,0.46,0.43,0.43,552200
ROAM,22-Oct-2015,21.24,21.24,21.23,21.23,200
RODM,22-Oct-2015,24.48,24.53,24.48,24.53,1000
ROGS,22-Oct-2015,24.11,24.14,24.11,24.14,1700
ROM,22-Oct-2015,75.77,78,75.77,77.69,24700
ROOF,22-Oct-2015,25.65,25.65,25.19,25.3,10200
RORO,22-Oct-2015,36.88,36.88,36.88,36.88,100
ROUS,22-Oct-2015,23.97,23.97,23.94,23.94,1000
ROX,22-Oct-2015,1.25,1.31,1.24,1.31,154600
RPG,22-Oct-2015,81.39,82.17,81.19,82.04,98100
RPV,22-Oct-2015,50.71,51.35,50.7,51.17,251900
RPX,22-Oct-2015,44.92,44.92,44.92,44.92,100
RRF,22-Oct-2015,40.9,40.9,40.74,40.74,9000
RSCO,22-Oct-2015,80.85,81,80.85,81,400
RSP,22-Oct-2015,77.5,78.45,77.46,78.28,805700
RSX,22-Oct-2015,17.07,17.19,16.98,17.13,6756900
RSXJ,22-Oct-2015,21.39,21.5,21.37,21.46,13300
RTH,22-Oct-2015,76.05,76.32,75.83,76.17,70700
RTM,22-Oct-2015,77.6,79.25,77.6,79.14,2700
RTR,22-Oct-2015,33.19,33.2,33.02,33.14,1100
RUSL,22-Oct-2015,17.1,17.45,16.83,17.21,569900
RUSS,22-Oct-2015,30.11,30.62,29.45,29.88,236400
RVNU,22-Oct-2015,25.61,25.61,25.61,25.61,200
RVP,22-Oct-2015,3.57,3.7,3.57,3.66,4600
RWC,22-Oct-2015,4.38,4.48,4.38,4.48,900
RWG,22-Oct-2015,44.72,44.72,44.72,44.72,200
RWJ,22-Oct-2015,53.98,54.48,53.87,54.16,13600
RWK,22-Oct-2015,46.67,46.98,46.42,46.8,24400
RWL,22-Oct-2015,39.5,39.95,39.5,39.95,26000
RWM,22-Oct-2015,61.91,62.29,61.38,61.75,1042600
RWO,22-Oct-2015,48.26,48.63,48.18,48.47,209000
RWR,22-Oct-2015,92.43,93.32,92.43,93.06,245900
RWV,22-Oct-2015,48.74,48.74,48.74,48.74,400
RWW,22-Oct-2015,47.74,47.74,47.74,47.74,100
RWX,22-Oct-2015,41.52,41.94,41.52,41.92,1412100
RWXL,22-Oct-2015,33.15,33.19,33.15,33.19,5100
RXD,22-Oct-2015,55.57,56.48,55.57,56.08,1000
RXI,22-Oct-2015,90.72,91.59,90.72,91.42,32400
RXL,22-Oct-2015,57.89,59.63,57.44,58.98,27300
RYE,22-Oct-2015,55.04,55.55,54.67,55.24,16900
RYF,22-Oct-2015,42.98,43.69,42.98,43.56,23100
RYH,22-Oct-2015,144.77,144.77,140.1,141.75,157200
RYJ,22-Oct-2015,33.83,34.02,33.66,33.77,34800
RYT,22-Oct-2015,91.11,92.99,91.11,92.81,76200
RYU,22-Oct-2015,74.81,75.44,74.73,75.28,12600
RZG,22-Oct-2015,85.03,85.38,84.38,85.01,23200
RZV,22-Oct-2015,57.95,58.55,57.79,58.01,16800
SAA,22-Oct-2015,55.16,55.21,54.41,54.41,2000
SAND,22-Oct-2015,2.88,3.05,2.85,2.99,449000
SBB,22-Oct-2015,51.02,51.62,51.02,51.28,1000
SBEU,22-Oct-2015,24.98,25.16,24.98,25.05,1700
SBI,22-Oct-2015,9.97,9.99,9.94,9.95,5300
SBIO,22-Oct-2015,28.07,28.36,27.06,27.68,112400
SBND,22-Oct-2015,4.57,4.62,4.49,4.51,13000
SBUS,22-Oct-2015,24.87,24.87,24.87,24.87,200
SBV,22-Oct-2015,22.8,22.8,22.8,22.8,300
SCC,22-Oct-2015,45.04,45.04,45.04,45.04,100
SCE-B,22-Oct-2015,22.17,24.71,22.17,22.5,5800
SCE-C,22-Oct-2015,23.48,23.49,23.08,23.08,2700
SCE-D,22-Oct-2015,24,24.48,23.75,23.78,4400
SCE-E,22-Oct-2015,24.55,24.55,24.55,24.55,600
SCHA,22-Oct-2015,53.18,53.58,52.92,53.32,193600
SCHB,22-Oct-2015,48.93,49.52,48.9,49.43,743900
SCHC,22-Oct-2015,29.9,30.16,29.86,30.09,68800
SCHD,22-Oct-2015,38.22,38.95,38.22,38.9,452100
SCHE,22-Oct-2015,21.9,22.08,21.87,22.05,541300
SCHF,22-Oct-2015,29.17,29.45,29.15,29.36,486200
SCHG,22-Oct-2015,52.63,53.11,52.54,53.08,213400
SCHH,22-Oct-2015,39.93,40.29,39.93,40.22,239400
SCHM,22-Oct-2015,40.68,40.96,40.57,40.8,548700
SCHO,22-Oct-2015,50.84,50.84,50.81,50.83,88400
SCHP,22-Oct-2015,53.98,54.1,53.9,54.08,52900
SCHR,22-Oct-2015,54.57,54.64,54.47,54.47,47600
SCHV,22-Oct-2015,42.24,42.82,42.24,42.73,112400
SCHX,22-Oct-2015,48.33,48.92,48.33,48.84,750300
SCHZ,22-Oct-2015,52.28,52.34,52.25,52.31,98100
SCIF,22-Oct-2015,44.84,45.56,44.79,45.42,72200
SCIN,22-Oct-2015,15.82,15.97,15.81,15.97,1100
SCJ,22-Oct-2015,58.2,58.75,58.18,58.5,85000
SCO,22-Oct-2015,84.23,87.31,83.1,85.24,466100
SCPB,22-Oct-2015,30.62,30.68,30.62,30.68,306500
SCTO,22-Oct-2015,23.75,23.75,23.75,23.75,100
SCZ,22-Oct-2015,50,50.47,49.99,50.35,588400
SDD,22-Oct-2015,36.62,36.84,36.62,36.76,700
SDEM,22-Oct-2015,14.15,14.17,14.1,14.17,1700
SDIV,22-Oct-2015,20.88,21.01,20.88,20.92,593800
SDOG,22-Oct-2015,36.27,36.83,36.27,36.79,162600
SDOW,22-Oct-2015,19.02,19.02,18.21,18.27,2712800
SDP,22-Oct-2015,45.75,45.75,45.75,45.75,200
SDPI,22-Oct-2015,1.26,1.32,1.15,1.27,33300
SDS,22-Oct-2015,20.67,20.7,20.14,20.2,16913400
SDY,22-Oct-2015,76.26,77.63,76.26,77.43,654800
SDYL,22-Oct-2015,51.46,52.1,51.46,52.1,900
SEA,22-Oct-2015,15.94,16.04,15.92,16,14700
SEB,22-Oct-2015,3132.45,3230,3100,3201,200
SEF,22-Oct-2015,17.28,17.28,17.03,17.09,6800
SGA,22-Oct-2015,39.87,40.25,39.87,40.25,800
SGAR,22-Oct-2015,22,22.3,22,22.3,1200
SGB,22-Oct-2015,15.2,15.24,15.2,15.24,400
SGDJ,22-Oct-2015,22.96,23.09,22.7,22.7,2000
SGDM,22-Oct-2015,14.58,15.15,14.58,15.06,44100
SGG,22-Oct-2015,32.68,33.26,32.61,33.2,160000
SGOL,22-Oct-2015,113.82,114.36,113.7,113.94,11600
SH,22-Oct-2015,21.23,21.24,20.96,20.98,6458000
SHM,22-Oct-2015,24.41,24.43,24.4,24.41,333400
SHV,22-Oct-2015,110.31,110.31,110.29,110.31,297400
SHY,22-Oct-2015,85.01,85.06,85.01,85.04,2382400
SHYD,22-Oct-2015,24.93,24.93,24.88,24.92,17000
SHYG,22-Oct-2015,46.69,46.74,46.5,46.68,88400
SIF,22-Oct-2015,12.72,12.72,12.55,12.69,900
SIJ,22-Oct-2015,40.46,40.46,39.61,40.05,8300
SIL,22-Oct-2015,7.4,7.55,7.37,7.41,73100
SILJ,22-Oct-2015,6.31,6.55,6.31,6.46,10200
SIM,22-Oct-2015,8.39,8.59,8.39,8.53,600
SIPE,22-Oct-2015,19.5,19.5,19.5,19.5,100
SIVR,22-Oct-2015,15.47,15.62,15.47,15.55,33700
SIZ,22-Oct-2015,22.97,22.97,22.97,22.97,100
SIZE,22-Oct-2015,65.62,65.62,65.58,65.58,200
SJB,22-Oct-2015,27.55,27.59,27.5,27.58,21900
SJNK,22-Oct-2015,27.37,27.37,27.28,27.32,2741600
SKF,22-Oct-2015,47.82,47.83,46.65,46.98,58700
SKY,22-Oct-2015,3.26,3.3,3.21,3.22,3100
SLI,22-Oct-2015,34.54,35.5,34.54,35.5,1600
SLOW,22-Oct-2015,25.55,25.75,25.55,25.66,300
SLQD,22-Oct-2015,50.6,50.6,50.4,50.53,5300
SLV,22-Oct-2015,15.06,15.19,15.04,15.11,3391800
SLVP,22-Oct-2015,6.78,6.9,6.78,6.82,8900
SLX,22-Oct-2015,23.95,24.57,23.95,24.53,9000
SLY,22-Oct-2015,102.59,103.48,102.59,103.17,26100
SLYG,22-Oct-2015,181.9,183.43,181.59,182.59,14800
SLYV,22-Oct-2015,99.52,100.45,99.46,99.89,15400
SMB,22-Oct-2015,17.54,17.57,17.52,17.53,67200
SMDD,22-Oct-2015,33.61,33.62,33.16,33.18,12800
SMDV,22-Oct-2015,40.19,40.61,40.19,40.2,1000
SMEZ,22-Oct-2015,49.99,50.18,49.82,50.16,14600
SMH,22-Oct-2015,54.65,55.67,54.65,55.5,4563700
SMHD,22-Oct-2015,16.53,17.07,16.53,16.79,5200
SMIN,22-Oct-2015,34.98,35.23,34.98,35.23,3200
SMK,22-Oct-2015,25.24,25.24,25.24,25.24,100
SMLF,22-Oct-2015,29.26,29.26,29.25,29.25,400
SMLL,22-Oct-2015,30,30,30,30,100
SMLV,22-Oct-2015,76.32,76.47,75.98,76.14,4600
SMMU,22-Oct-2015,50.44,50.47,50.44,50.47,600
SMN,22-Oct-2015,34.35,34.45,33.63,33.65,18100
SNLN,22-Oct-2015,18.47,18.5,18.46,18.47,65000
SOIL,22-Oct-2015,10.07,10.07,10.06,10.06,1000
SOP,22-Oct-2015,26.15,27.2,26.15,26.77,1900
SOXL,22-Oct-2015,27.11,28.83,27.11,28.63,636900
SOXS,22-Oct-2015,42.99,43.11,40.35,40.54,184300
SOYB,22-Oct-2015,18.36,18.36,18.13,18.13,5700
SPFF,22-Oct-2015,13.56,13.61,13.55,13.58,44700
SPHB,22-Oct-2015,31,31.22,30.9,31.04,49400
SPHD,22-Oct-2015,33.23,33.61,33.23,33.58,196600
SPHQ,22-Oct-2015,23.15,23.48,23.15,23.46,78700
SPLV,22-Oct-2015,37.97,38.51,37.9,38.48,1769900
SPLX,22-Oct-2015,30.85,30.85,30.85,30.85,100
SPMO,22-Oct-2015,25.44,25.54,25.44,25.54,200
SPP,22-Oct-2015,10.09,10.12,9.85,10,7900
SPPP,22-Oct-2015,7.22,7.32,7.21,7.32,23800
SPUU,22-Oct-2015,33.03,33.26,33.03,33.26,800
SPXH,22-Oct-2015,29.26,29.51,29.26,29.51,9200
SPXL,22-Oct-2015,81.7,84.69,81.52,84.34,1822200
SPXS,22-Oct-2015,18.01,18.06,17.32,17.4,8470600
SPXU,22-Oct-2015,33.62,33.72,32.35,32.48,9814400
SPY,22-Oct-2015,202.98,205.51,201.85,205.26,174911600
SPYB,22-Oct-2015,48.24,48.45,48.2,48.42,66200
SPYG,22-Oct-2015,98.96,100.02,98.96,99.88,20300
SPYV,22-Oct-2015,96.29,97.63,96.29,97.51,4600
SRLN,22-Oct-2015,47.52,47.61,47.5,47.59,846100
SRS,22-Oct-2015,45.84,45.89,44.81,44.99,43100
SRTY,22-Oct-2015,29.45,30.01,28.69,29.24,1577900
SSG,22-Oct-2015,45.2,45.2,44.3,44.45,2600
SSN,22-Oct-2015,0.8,0.86,0.8,0.84,9500
SSO,22-Oct-2015,62.32,63.82,62.2,63.63,5032800
SST,22-Oct-2015,30.39,30.41,30.36,30.37,28100
SSY,22-Oct-2015,1.69,1.75,1.65,1.75,30000
STIP,22-Oct-2015,99.45,99.5,99.4,99.47,19300
STPZ,22-Oct-2015,51.68,51.7,51.63,51.68,111500
STRP,22-Oct-2015,38.64,45.35,38.11,45.05,519200
STS,22-Oct-2015,8.16,8.32,8.13,8.32,9200
STXX,22-Oct-2015,24.71,24.82,24.71,24.82,4600
SUB,22-Oct-2015,106.21,106.25,106.15,106.24,66600
SVT,22-Oct-2015,6.86,6.86,6.82,6.85,2500
SVXY,22-Oct-2015,59,62.66,59,62.55,4778300
SYE,22-Oct-2015,58.27,58.27,58.27,58.27,100
SYG,22-Oct-2015,60.27,60.27,60.27,60.27,100
SYLD,22-Oct-2015,30.7,31.14,30.7,31.02,13600
SYN,22-Oct-2015,2.36,2.45,2.28,2.3,551800
SYRG,22-Oct-2015,11.13,11.32,10.82,11.1,1664300
SYV,22-Oct-2015,54.81,54.81,54.81,54.81,100
SZK,22-Oct-2015,22.22,22.22,21.82,21.82,200
SZO,22-Oct-2015,73.4,74.05,73.4,74.05,700
TAGS,22-Oct-2015,27.67,27.67,27.47,27.47,200
TAN,22-Oct-2015,30.77,31.12,30.63,30.81,114400
TAO,22-Oct-2015,21.03,21.3,21.03,21.3,400
TAS,22-Oct-2015,0.28,0.28,0.27,0.27,43300
TAT,22-Oct-2015,2.57,2.64,2.51,2.58,68300
TBF,22-Oct-2015,24.33,24.44,24.2,24.29,414800
TBT,22-Oct-2015,42.68,43.09,42.22,42.59,1734100
TBX,22-Oct-2015,29.07,29.1,29.02,29.02,1600
TDTF,22-Oct-2015,24.7,24.75,24.7,24.73,18000
TDTT,22-Oct-2015,24.42,24.46,24.41,24.43,284300
TECL,22-Oct-2015,34.67,36.28,34.67,36.02,188200
TECS,22-Oct-2015,34.58,34.58,33.08,33.33,58500
TFI,22-Oct-2015,24.16,24.17,24.13,24.16,341400
TFLO,22-Oct-2015,50.09,50.09,50.09,50.09,100
TGB,22-Oct-2015,0.5,0.51,0.49,0.5,88200
TGC,22-Oct-2015,0.24,0.24,0.22,0.22,20100
TGD,22-Oct-2015,0.23,0.23,0.22,0.23,606000
THD,22-Oct-2015,67.49,68.37,67.11,68.12,191900
THM,22-Oct-2015,0.33,0.33,0.32,0.32,12500
THRK,22-Oct-2015,150.97,152.04,150.97,152.04,500
TIK,22-Oct-2015,5.08,5.2,5.05,5.2,7700
TILT,22-Oct-2015,85.51,86.4,85.51,86.16,52500
TIP,22-Oct-2015,111.13,111.51,111.02,111.42,368300
TIPX,22-Oct-2015,19.22,19.22,19.22,19.22,7200
TIPZ,22-Oct-2015,56.15,56.34,56.14,56.34,1500
TIS,22-Oct-2015,29.57,31.5,28.68,29.91,200200
TLH,22-Oct-2015,137.52,137.72,137.28,137.46,5600
TLO,22-Oct-2015,71.83,72.43,71.63,71.93,25500
TLR,22-Oct-2015,0.53,0.54,0.53,0.54,14800
TLT,22-Oct-2015,124.1,124.78,123.51,124.26,6934100
TLTD,22-Oct-2015,58.17,58.44,58.09,58.31,75900
TLTE,22-Oct-2015,45.61,46.29,45.61,46,48000
TMF,22-Oct-2015,80.83,82.24,79.79,81.28,170000
TMP,22-Oct-2015,53.76,54.98,53.75,54.84,12900
TMV,22-Oct-2015,26.87,27.2,26.4,26.73,313800
TNA,22-Oct-2015,67.33,69.08,66.15,67.84,5585400
TOF,22-Oct-2015,4.32,4.6,4.3,4.55,4300
TOFR,22-Oct-2015,16.42,16.43,16.42,16.43,300
TOK,22-Oct-2015,53.34,53.34,53.34,53.34,1000
TOLZ,22-Oct-2015,39.84,39.9,39.6,39.7,1700
TOTL,22-Oct-2015,49.61,49.65,49.53,49.6,163500
TOTS,22-Oct-2015,19.24,19.24,19.17,19.17,600
TPI,22-Oct-2015,0.26,0.29,0.26,0.28,30500
TPLM,22-Oct-2015,1.36,1.39,1.32,1.34,593500
TPS,22-Oct-2015,27.37,27.48,27.28,27.28,54900
TPYP,22-Oct-2015,21.63,21.63,21.41,21.41,1300
TRC.W,22-Oct-2015,0.12,0.12,0.12,0.12,500
TRSK,22-Oct-2015,27.7,27.7,27.7,27.7,100
TRT,22-Oct-2015,2.43,2.48,2.43,2.48,900
TRX,22-Oct-2015,0.33,0.35,0.33,0.34,163600
TRXC,22-Oct-2015,2.63,2.69,2.41,2.47,304400
TTFS,22-Oct-2015,55.32,56,55.32,55.8,13200
TTT,22-Oct-2015,36.13,36.5,35.52,35.91,20700
TUR,22-Oct-2015,41.39,41.72,41.32,41.57,137900
TUZ,22-Oct-2015,51.12,51.14,51.09,51.09,28000
TWM,22-Oct-2015,39.19,39.7,38.54,39.01,1966700
TWOK,22-Oct-2015,68.66,68.66,68.06,68.12,2900
TXMD,22-Oct-2015,5.49,5.54,5.18,5.44,1348800
TYBS,22-Oct-2015,22.14,22.18,22.14,22.18,1500
TYD,22-Oct-2015,48.24,48.24,48.24,48.24,100
TYO,22-Oct-2015,16.04,16.13,16.04,16.06,1400
TYTE,22-Oct-2015,39.49,39.7,39.49,39.7,3500
TZA,22-Oct-2015,45.33,46.18,44.15,45.02,4985200
UAMY,22-Oct-2015,0.39,0.4,0.33,0.35,126100
UBC,22-Oct-2015,20.53,20.53,20.53,20.53,100
UBR,22-Oct-2015,10.97,11.14,10.88,11.14,3900
UBT,22-Oct-2015,77.69,78.78,77.22,78.07,3700
UCC,22-Oct-2015,107.15,108.15,107.15,107.69,13000
UCD,22-Oct-2015,36.52,36.52,36.52,36.52,100
UCI,22-Oct-2015,13.63,13.63,13.46,13.6,15500
UCO,22-Oct-2015,22.33,22.65,21.56,22.09,4605700
UDN,22-Oct-2015,22.07,22.07,21.95,21.96,80300
UDOW,22-Oct-2015,63.15,65.61,62.99,65.44,565600
UEC,22-Oct-2015,1.11,1.11,1.07,1.09,544200
UFAB,22-Oct-2015,12.31,12.4,12.09,12.11,41800
UGA,22-Oct-2015,30.07,30.37,29.9,30.2,33700
UGAZ,22-Oct-2015,5.33,5.48,5.06,5.19,14201100
UGE,22-Oct-2015,106.06,109.09,106.06,107.79,900
UGL,22-Oct-2015,36.32,36.58,36.18,36.24,6500
ULE,22-Oct-2015,16.56,16.56,16.32,16.32,57100
ULST,22-Oct-2015,40.05,40.05,39.98,40.01,9500
UMDD,22-Oct-2015,52.98,53.56,52.98,53.23,2300
UMX,22-Oct-2015,28.27,28.27,28.22,28.22,300
UNG,22-Oct-2015,10.96,11.06,10.76,10.86,6741900
UNL,22-Oct-2015,11,11.01,10.92,10.92,1900
UOP,22-Oct-2015,11.1,11.1,11.1,11.1,700
UPRO,22-Oct-2015,61.86,64.1,61.7,63.84,4798700
UPV,22-Oct-2015,43.78,43.78,43.29,43.66,1700
UPW,22-Oct-2015,97.5,98.5,97.35,98.5,1200
UQM,22-Oct-2015,0.61,0.63,0.59,0.61,37800
URA,22-Oct-2015,7.69,7.74,7.61,7.67,45700
URE,22-Oct-2015,105.19,107.85,105.13,107.32,110400
URG,22-Oct-2015,0.57,0.58,0.56,0.56,204800
URR,22-Oct-2015,18.64,18.64,18.64,18.64,100
URTH,22-Oct-2015,70.99,71.4,70.48,71.06,30600
URTY,22-Oct-2015,78.35,80.34,77.03,78.98,91800
USCI,22-Oct-2015,42.67,42.75,42.32,42.32,77300
USD,22-Oct-2015,82.44,85.3,82.44,84.77,3800
USDU,22-Oct-2015,28.51,28.57,28.5,28.55,22600
USL,22-Oct-2015,20.67,20.8,20.44,20.69,44700
USMV,22-Oct-2015,41.58,42.03,41.57,41.99,1287700
USO,22-Oct-2015,14.62,14.73,14.35,14.51,16625200
USSD,22-Oct-2015,24.45,24.45,24.45,24.45,1000
UST,22-Oct-2015,58.4,58.58,58.28,58.42,24100
USV,22-Oct-2015,20.92,20.92,20.85,20.85,1500
UTG,22-Oct-2015,30.18,30.26,30.03,30.2,45100
UUP,22-Oct-2015,24.97,25.1,24.97,25.09,1042400
UUU,22-Oct-2015,5.01,5.01,4.95,4.95,800
UUUU,22-Oct-2015,2.92,2.99,2.85,2.91,123700
UVXY,22-Oct-2015,31.6,31.67,27.18,27.37,23342800
UWM,22-Oct-2015,81.86,83.14,80.86,82.2,145700
UWN,22-Oct-2015,1.74,1.77,1.72,1.73,26000
UWTI,22-Oct-2015,10.21,10.42,9.65,9.99,21482800
UXI,22-Oct-2015,109.33,111.03,109.33,110.88,1100
UXJ,22-Oct-2015,29.51,29.51,29.51,29.51,100
UYG,22-Oct-2015,70.19,72.16,70.17,71.64,48000
UYM,22-Oct-2015,37.5,38.2,37.49,38.15,19900
VAMO,22-Oct-2015,24.51,24.51,24.25,24.25,2500
VAW,22-Oct-2015,95.6,97.36,95.6,97.25,44700
VB,22-Oct-2015,113.21,113.82,112.51,113.36,421000
VBK,22-Oct-2015,122.51,123.15,121.61,122.55,143100
VBR,22-Oct-2015,101.96,102.86,101.82,102.42,209600
VCF,22-Oct-2015,14.62,15.26,14.14,14.14,40000
VCR,22-Oct-2015,124.12,124.97,123.82,124.75,200800
VDC,22-Oct-2015,128.79,130.6,128.54,130.35,111000
VDE,22-Oct-2015,93.73,95.16,93.73,95,262500
VEA,22-Oct-2015,37.98,38.39,37.98,38.27,4527000
VEGA,22-Oct-2015,26.16,26.17,26.16,26.17,600
VEGI,22-Oct-2015,23.26,23.57,23.26,23.57,1600
VEU,22-Oct-2015,45.58,46.07,45.58,45.95,3662500
VFH,22-Oct-2015,48.27,48.95,48.27,48.76,518600
VFL,22-Oct-2015,12.99,13,12.92,12.99,9000
VGK,22-Oct-2015,51.92,52.43,51.9,52.23,3509900
VGT,22-Oct-2015,106.32,108.1,106.32,107.88,278800
VGZ,22-Oct-2015,0.32,0.35,0.31,0.34,48400
VHC,22-Oct-2015,3.96,4.04,3.85,3.98,189600
VHT,22-Oct-2015,126.15,126.15,122.83,124.52,468800
VIG,22-Oct-2015,77.43,78.81,77.43,78.65,581700
VII,22-Oct-2015,1.61,1.65,1.61,1.64,3600
VIOG,22-Oct-2015,107.11,108.14,106.97,106.97,6000
VIOO,22-Oct-2015,101.55,102.39,101.35,101.99,5900
VIOV,22-Oct-2015,95.18,95.91,95.18,95.27,4300
VIS,22-Oct-2015,101.58,103.74,101.4,103.35,92000
VISI,22-Oct-2015,8.15,8.35,8.13,8.26,15900
VIXM,22-Oct-2015,55.42,55.55,53.19,53.19,8100
VIXY,22-Oct-2015,13.15,13.16,12.26,12.29,2442900
VKI,22-Oct-2015,11.32,11.41,11.31,11.33,182600
VLML,22-Oct-2015,24.18,24.18,24.18,24.18,235700
VLSM,22-Oct-2015,23.77,23.77,23.77,23.77,100
VLUE,22-Oct-2015,63.9,64.17,63.9,64.17,7300
VMM,22-Oct-2015,13.17,13.3,13.17,13.29,11600
VNM,22-Oct-2015,17.29,17.52,17.16,17.4,292700
VNQ,22-Oct-2015,80.96,81.77,80.81,81.51,3504200
VNRX,22-Oct-2015,4.45,4.59,4.21,4.21,44200
VO,22-Oct-2015,122.02,123.16,121.83,122.84,273100
VOE,22-Oct-2015,87.44,88.4,87.44,88.09,245500
VOO,22-Oct-2015,186.02,188.38,185.97,188.17,1498200
VOOG,22-Oct-2015,102.59,103.55,102.26,103.48,18200
VOOV,22-Oct-2015,85.28,86.74,85.28,86.56,9100
VOT,22-Oct-2015,101.16,102.03,100.88,101.86,123200
VOX,22-Oct-2015,83.39,85,83.39,84.82,39600
VPL,22-Oct-2015,57.92,58.6,57.92,58.41,271500
VPU,22-Oct-2015,96.99,98,96.79,97.8,103000
VQT,22-Oct-2015,135.09,136.53,135.09,136.42,22900
VRP,22-Oct-2015,24.24,24.33,24.24,24.3,111800
VSPY,22-Oct-2015,55.03,55.05,54.99,55.05,1700
VSR,22-Oct-2015,3.4,3.43,3.36,3.38,20700
VSS,22-Oct-2015,95.27,96.43,95.27,96.25,63400
VT,22-Oct-2015,58.88,59.46,58.84,59.33,348500
VTEB,22-Oct-2015,50.34,50.36,50.29,50.31,143300
VTI,22-Oct-2015,104.28,105.43,104.12,105.21,1979100
VTV,22-Oct-2015,81.06,82.23,81.06,82.09,1392300
VUG,22-Oct-2015,106.15,107.23,105.92,107.07,560800
VV,22-Oct-2015,93.1,94.23,93.04,94.09,137600
VWO,22-Oct-2015,35.83,36.25,35.83,36.17,13883400
VXF,22-Oct-2015,85.11,85.72,84.8,85.33,191600
VXX,22-Oct-2015,19.75,19.76,18.41,18.44,78296000
VXZ,22-Oct-2015,11.4,11.45,10.91,10.94,450600
VYM,22-Oct-2015,66.51,67.62,66.51,67.47,1646100
WBIA,22-Oct-2015,22.26,22.37,22.23,22.25,12900
WBIB,22-Oct-2015,23.93,24.01,23.9,23.93,11000
WBIC,22-Oct-2015,22.57,22.67,22.56,22.61,19800
WBID,22-Oct-2015,22.18,22.28,22.17,22.22,11400
WBIE,22-Oct-2015,23.32,23.38,23.31,23.35,11500
WBIF,22-Oct-2015,22.89,22.99,22.88,22.95,19000
WBIG,22-Oct-2015,22.02,22.1,22.01,22.05,13900
WBIH,22-Oct-2015,23.93,24,23.92,23.99,29400
WBII,22-Oct-2015,25.21,25.31,25.2,25.29,19200
WBIL,22-Oct-2015,22.44,22.53,22.44,22.45,11900
WDIV,22-Oct-2015,62.4,62.61,62.36,62.55,5500
WDTI,22-Oct-2015,41.05,41.15,41.03,41.06,11400
WEAT,22-Oct-2015,9.78,9.81,9.65,9.67,36100
WEET,22-Oct-2015,34.9,34.9,34.9,34.9,300
WGA,22-Oct-2015,0.45,0.45,0.44,0.44,2700
WIL,22-Oct-2015,52.06,52.32,52.05,52.32,500
WIP,22-Oct-2015,53.02,53.25,53,53.01,161100
WITE,22-Oct-2015,30.51,30.51,30.51,30.51,100
WMCR,22-Oct-2015,26.25,26.33,25.98,25.98,2000
WMW,22-Oct-2015,20.25,20.7,20.25,20.66,4000
WPS,22-Oct-2015,36.51,36.84,36.51,36.77,13400
WREI,22-Oct-2015,46.26,46.3,46.2,46.3,2600
WRN,22-Oct-2015,0.29,0.32,0.29,0.3,6000
WTT,22-Oct-2015,1.52,1.57,1.52,1.57,400
WYY,22-Oct-2015,0.88,0.91,0.83,0.83,198000
XAR,22-Oct-2015,51.78,53.08,51.78,52.92,27800
XBI,22-Oct-2015,64.56,65.4,62.58,64.19,8076600
XES,22-Oct-2015,20.56,21.12,20.53,20.76,600800
XHB,22-Oct-2015,36.19,36.47,35.62,36.3,3496900
XHE,22-Oct-2015,43.61,43.61,43.34,43.35,1900
XHS,22-Oct-2015,57.2,57.2,53.13,53.94,100100
XLB,22-Oct-2015,43.98,44.69,43.87,44.65,7258900
XLE,22-Oct-2015,67.58,68.59,67.55,68.42,18740700
XLF,22-Oct-2015,23.55,23.97,23.54,23.88,49719100
XLFS,22-Oct-2015,30.61,30.8,30.6,30.8,3900
XLG,22-Oct-2015,141.06,142.93,141.06,142.87,15900
XLI,22-Oct-2015,53.19,54.67,53.11,54.46,20908700
XLK,22-Oct-2015,42,42.73,42,42.64,14236000
XLP,22-Oct-2015,50.03,50.89,49.95,50.82,13590300
XLRE,22-Oct-2015,31.18,31.46,31.18,31.45,2100
XLU,22-Oct-2015,45.06,45.52,44.9,45.39,13110000
XLV,22-Oct-2015,68.39,68.5,67.03,67.88,35524500
XLY,22-Oct-2015,78.7,79.39,78.55,79.24,8227500
XME,22-Oct-2015,17.96,18.46,17.9,18.28,2716000
XMLV,22-Oct-2015,34.1,34.33,34.1,34.21,43400
XMPT,22-Oct-2015,26.11,26.16,26.04,26.14,9500
XOP,22-Oct-2015,37.37,37.79,36.45,37.15,10533400
XPH,22-Oct-2015,45.43,45.43,43.44,44.59,913200
XPL,22-Oct-2015,0.51,0.53,0.5,0.5,36000
XPP,22-Oct-2015,57.61,59.34,57.61,59.02,35300
XRA,22-Oct-2015,0.35,0.37,0.35,0.36,65800
XRLV,22-Oct-2015,25.21,25.41,25.21,25.32,8300
XRT,22-Oct-2015,46,46.1,45.52,45.62,3130700
XSD,22-Oct-2015,41.87,42.68,41.87,42.62,311000
XSLV,22-Oct-2015,33.85,34.18,33.85,34.07,47400
XSW,22-Oct-2015,49.14,49.93,49.14,49.59,1300
XT,22-Oct-2015,24.3,24.5,24.3,24.5,25500
XTL,22-Oct-2015,56.64,56.96,56.57,56.77,3700
XTN,22-Oct-2015,47.23,47.36,46.93,47.19,49900
XTNT,22-Oct-2015,3.27,3.35,3.25,3.3,4200
XVIX,22-Oct-2015,16.22,16.22,16.22,16.22,100
XVZ,22-Oct-2015,27.23,27.36,27.2,27.2,1900
XXII,22-Oct-2015,1.39,1.4,1.31,1.34,372100
YANG,22-Oct-2015,80.95,81.21,77.37,78.01,192300
YAO,22-Oct-2015,26.58,26.76,26.58,26.76,800
YCL,22-Oct-2015,55.15,55.15,55.15,55.15,100
YCS,22-Oct-2015,88.19,88.85,88.19,88.8,22800
YGRO,22-Oct-2015,12,12.12,12,12.09,7800
YINN,22-Oct-2015,23.5,24.56,23.5,24.37,621900
YLD,22-Oct-2015,38.7,38.75,38.63,38.75,5500
YMLI,22-Oct-2015,15.13,15.13,14.64,14.77,8700
YMLP,22-Oct-2015,7.67,7.78,7.65,7.73,51800
YUM-A,22-Oct-2015,11,12.58,11,12.58,4400
YUMA,22-Oct-2015,0.5,0.51,0.48,0.51,23600
YXI,22-Oct-2015,26.91,26.91,26.75,26.75,10500
YYY,22-Oct-2015,18.99,19.05,18.99,19.01,39400
ZBZX,22-Oct-2015,15.85,15.85,15.85,15.85,200
ZMLP,22-Oct-2015,23.58,23.58,23.09,23.34,27100
ZROZ,22-Oct-2015,113.98,115.02,113.23,114.3,12400
ZSL,22-Oct-2015,101.33,101.81,99.87,100.7,21700
ZVV,22-Oct-2015,12.91,12.91,12.91,12.91,100
