<?xml version="1.0"?>
<CHARTDEFAULTS><CHART Name="3D"><VAR Name="SHOWZOOMVIEW" Value="0"/><VAR Name="FONT" Value="Arial, 12, [], [$0000000D]"><VAR Name="FONTSIZE" Value="11"/></VAR><VAR Name="CODE"><VAR Name="FILTERS" Value="Filters"><VAR Name="CALENDAR" Value="1"/></VAR></VAR></CHART><CHART Name="RRG"><VAR Name="SHOWZOOMVIEW" Value="0"/><VAR Name="HINTLABELS" Value="Hint Labels"><VAR Name="HINTHEADING" Value="0"/><VAR Name="HINTVELOCITY" Value="0"/><VAR Name="HINTQUADRANT" Value="0"/></VAR><VAR Name="VISRANGE" Value="7"><VAR Name="DATETOLOADFROM" Value="42017"/><VAR Name="DATETOLOADTO" Value="42384"/></VAR><VAR Name="SHOWTABLE" Value="0"/><VAR Name="LABELSIZE" Value="16"/><VAR Name="SIZESCR" Value="Size Script"/></CHART><CHART Name="Bar"><VAR Name="PRIMARYITEM" Value="1"/><VAR Name="BLANKBARS" Value="1000"/><VAR Name="SHOWZOOMVIEW" Value="0"/><VAR Name="SHOWPRICESCALES" Value="1"/><VAR Name="DISPLAYBARS" Value="222"/><VAR Name="SHOWCODEWATERMARK" Value="1"/><VAR Name="RCCSTARTDATE" Value="42014"/></CHART></CHARTDEFAULTS>
