<FavouriteColumns><Column type="2" favType="2" name="Above45ma" field="CLOSE() &gt; MA(BARS=45, CALC=Close)" source="0"/><Column type="2" favType="2" name="VolRatio" field="ma1 = MA(VOLUME(),#Bars:BARS=50,#Calc Using:CALC=CLOSE);&#xA;VOLUME() / ma1;" source="0"/><Column type="2" favType="2" name="SPXprice" field="close(GETDATA(CODE=SPX:WI)) ;" source="0"/><Column type="2" favType="2" name="SPXbelow45ma" field="x = close(GETDATA(CODE=SPX:WI)) ;&#xA;y = MA(GETDATA(CODE=SPX:WI), BARS=45, CALC=Close);&#xA;x &lt; y;" source="0"/><Column type="2" favType="2" name="PriceBelow2%20ma" field="sma = MA(BARS=20, CALC=Close);&#xA;pdist = ((CLOSE()-sma) / sma)*100.0;&#xA;pdist  &lt; -2.0;" source="0"/><Column type="2" favType="2" name="MA7o23o65" field="MA(STYLE=Exponential, BARS=7, CALC=Close) &gt; MA(STYLE=Exponential, BARS=23, CALC=Close) and MA(STYLE=Exponential, BARS=23, CALC=Close) &gt; MA(BARS=65, STYLE=Exponential, CALC=Close) and CLOSE() &gt; MA(BARS=7, STYLE=Exponential, CALC=Close)" source="0"/><Column type="2" favType="2" name="3mLowMA10" field="MAlow = MA(CALC=Close, BARS=10);&#xA;LOWESTLOW(MAlow, BARS=65, INSIDEBAR=True, INCBAR=True)" source="0"/><Column type="2" favType="2" name="RSIgt50" field="R = RSI(BARS=14);&#xA;R &gt; 50;" source="0"/><Column type="2" favType="2" name="20maUp" field="MA(BARS=20, CALC=Close) IsUp " source="0"/><Column type="2" favType="2" name="Vol50ma" field="MA(VOL(), BARS=50);" source="0"/><Column type="2" favType="2" name="VolRatio1" field="ma1 = MA(VOL(),BARS=50);&#xA;100 * vol() / ma1;" source="0"/><Column type="2" favType="2" name="New Script" field="var1 = GANNSWING();" source="0"/><Column type="2" favType="2" name="PriceChg3m" field="c65 = CLOSE(65);&#xA;((CLOSE() - c65) / c65) ;" source="0"/><Column type="2" favType="2" name="PriceChg6m" field="c130 = CLOSE(130);&#xA;((CLOSE() - c130) / c130) ;" source="0"/><Column type="2" favType="2" name="PriceChg12m" field="c260 = CLOSE(260);&#xA;((CLOSE() - c260) / c260) ;" source="0"/><Column type="2" favType="2" name="VolRatio50" field="x = MA(VOL(), BARS=50, CALC=Close);&#xA;VOL() / x;" source="0"/><Column type="2" favType="2" name="VolRatiogt125" field="x = MA(VOL(), BARS=50);&#xA;y = VOL() / x;&#xA;(y&gt;1.25)" source="0"/><Column type="2" favType="2" name="65maUp" field="MA(BARS=65, CALC=Close) IsUp " source="0"/><Column type="2" favType="2" name="260maUp" field="MA(BARS=260, CALC=Close) IsUp " source="0"/><Column type="2" favType="2" name="ADX14" field="ADX(CALC=HLC)" source="0"/><Column type="2" favType="2" name="RS" field="X=CHANGE(INT_COUNT=23);&#xA;Y=CHANGE(INT_COUNT=130);&#xA;Z=CHANGE(INT_COUNT=260);&#xA;(0.25*X) + (0.5*Y) + (0.25*Z);" source="0"/><Column type="2" favType="2" name="RelStrength" field="RIC(Month(PERIODAMOUNT=7), INDEX=SPX:WI)" source="0"/><Column type="2" favType="2" name="RSI14Up" field="RSI(BARS=14) IsUp " source="0"/><Column type="2" favType="2" name="Volatility" field="xx = LOWESTLOW(BARS=33);&#xA;x = HIGHESTHIGH(BARS=33) - xx;&#xA;x / xx" source="0"/><Column type="2" favType="2" name="20maDiff" field="x20 = MA(BARS=20, CALC=Close);&#xA;(CLOSE() - x20) / x20&#xA;" source="0"/><Column type="2" favType="2" name="Stochastic % K Crosses Above %D" field="ST1 = STOCH(); &#xA;ST1.%K CrossesAbove ST1.%D&#xA;" source="0"/><Column type="2" favType="2" name="Stoch14" field="STOCH(BAR1=14);" source="0"/><Column type="2" favType="2" name="BBoffLower" field="BPB(BARS=20)" source="0"/><Column type="2" favType="2" name="BBlower" field="var1 = STD(BARS=20);&#xA;var2 = MA(CALC=Close, BARS=20);&#xA;var2 - (var1*2)" source="0"/><Column type="2" favType="2" name="BBUpper" field="var1 = BBW(BARS=20);&#xA;CLOSE() +  var1" source="0"/><Column type="2" favType="2" name="50sma" field="MA(BARS=505, CALC=Close)" source="0"/><Column type="2" favType="2" name="SmaResist" field="var1 = MA(BARS=50, CALC=Close);&#xA;var2 = MA(BARS=200, CALC=Close);&#xA;var3 = MIN(var1, var2);&#xA;var4 = CLOSE() - var3;&#xA;var5 = var4 / CLOSE();&#xA;var5&#xA;" source="0"/><Column type="2" favType="2" name="200sma" field="MA(BARS=200, CALC=Close)" source="0"/><Column type="2" favType="2" name="SmaSupport" field="var1 = MA(BARS=50, CALC=Close);&#xA;var2 = MA(BARS=200, CALC=Close);&#xA;var3 = MAX(var1, var2);&#xA;var4 = CLOSE() - var3;&#xA;var5 = var4 / CLOSE();&#xA;var5&#xA;" source="0"/><Column type="2" favType="2" name="BBupper" field="var1 = STD(BARS=20);&#xA;var2 = MA(CALC=Close, BARS=20);&#xA;var2 + (var1*2)" source="0"/><Column type="2" favType="2" name="HistVolatility" field="HV(BARS=33)" source="0"/><Column type="2" favType="2" name="RS-st" field="X=CHANGE(INT_COUNT=23);&#xA;Y=CHANGE(INT_COUNT=85);&#xA;(0.25*X) + (0.75*Y) " source="0"/><Column type="2" favType="2" name="65day %" field="CHANGE(INT_COUNT=65) / 100" source="0"/><Column type="2" favType="2" name="[Script]" field="CHANGE(INT_TYPE=Week)" source="0"/><Column type="2" favType="2" name="Volatility7" field="xx = LOWESTLOW(BARS=7);&#xA;x = HIGHESTHIGH(BARS=7) - xx;&#xA;x / xx" source="0"/><Column type="2" favType="2" name="Volatility15" field="xx = LOWESTLOW(BARS=15);&#xA;x = HIGHESTHIGH(BARS=15) - xx;&#xA;x / xx" source="0"/><Column type="2" favType="2" name="3mHigh" field="HIGHESTHIGH(BARS=65)" source="0"/><Column type="2" favType="2" name="3mLow" field="LOWESTLOW(BARS=65)" source="0"/><Column type="2" favType="2" name="AccDist" field="lo = MIN(Close(1),low());&#xA;hi = MAX(Close(1),high());&#xA;factor = (0.5 - ((hi-close()) / (hi-lo)) ) ;&#xA;x=CHANGE() * VOLUME() * ABS(factor) / 1000000;&#xA;MA(x, BARS=21, STYLE=Exponential, CALC=Close)  " source="0"/><Column type="2" favType="2" name="Outside Bars Scan" field="(High(1)  &lt; High() )  and (Low(1)  &gt; Low() )&#xA;" source="0"/><Column type="2" favType="2" name="TurnOver Change %" field="TO1 = TO();&#xA;MA1 = MA(TO1,#BARS=30,#CALC=CLOSE);&#xA;(((TO1 - MA1) * 100) / MA1) &gt; #Percentage:50&#xA;" source="0"/><Column type="2" favType="2" name="TurnOver Value" field="TO() &gt; #Value:500000&#xA;" source="0"/><Column type="2" favType="2" name="MFIover50" field="MFI() &gt; 49.99&#xA;" source="0"/><Column type="2" favType="2" name="[Script1]" field="CHANGE(INT_COUNT=6, INT_TYPE=Month) / 100" source="0"/><Column type="2" favType="2" name="VolRatioWeek10" field="x = MA(VOL(), BARS=50, CALC=Close);&#xA;MA(VOL(),BARS=5,CALC=CLOSE) / x" source="0"/><Column type="2" favType="2" name="PPO-Signal" field="POSC(CALC=Close, PTYPE=Percentage, BAR1=20, BAR2=35)" source="0"/><Column type="2" favType="2" name="PPO-SignalEma" field="x=POSC(CALC=Close, PTYPE=Percentage, BAR1=20, BAR2=35);&#xA;MA(x,STYLE=Exponential, BARS=10, CALC=Close)" source="0"/><Column type="2" favType="2" name="MarketCap" field="x=MA(VOL(), BARS=50, CALC=Close);&#xA;CLOSE() * x" source="0"/><Column type="2" favType="2" name="[Script2]" field="CHANGE(INT_COUNT=3, INT_TYPE=Year) / 100" source="0"/><Column type="2" favType="2" name="[Script3]" field="MA(close(), BARS=50, CALC=Close)" source="0"/><Column type="2" favType="2" name="[Script4]" field="CHANGE(INT_TYPE=Week, INT_COUNT=4) / 100" source="0"/><Column type="2" favType="2" name="[Script5]" field="CHANGE(INT_COUNT=130) / 100" source="0"/><Column type="2" favType="2" name="Over13ema" field="CLOSE() &gt; MA(BARS=13, STYLE=Exponential, CALC=Close)" source="0"/><Column type="2" favType="2" name="Over23ema" field="CLOSE() &gt; MA(BARS=23, STYLE=Exponential, CALC=Close)" source="0"/><Column type="2" favType="2" name="Over65ema" field="CLOSE() &gt; MA(BARS=65, STYLE=Exponential, CALC=Close)" source="0"/><Column type="2" favType="2" name="Over130ema" field="CLOSE() &gt; MA(BARS=130, STYLE=Exponential, CALC=Close)" source="0"/><Column type="2" favType="2" name="Over260ema" field="CLOSE() &gt; MA(BARS=260, STYLE=Exponential, CALC=Close)" source="0"/><Column type="2" favType="2" name="AskeyAD" field="x=(CHANGE() * VOLUME()) / 1000000;  &#xA;MA(x, BARS=21, STYLE=Exponential, CALC=Close) " source="0"/><Column type="2" favType="2" name="AskeyADnorm" field="x=CHANGE() * VOLUME();&#xA;xx = VOL();&#xA;xxx=MA(xx, BARS=50, CALC=Close);&#xA;MA(x, BARS=21, STYLE=Exponential, CALC=Close)  / xxx" source="0"/><Column type="2" favType="2" name="Vol50dma" field="x=VOL();&#xA;MA(x, BARS=50, CALC=Open)" source="0"/><Column type="2" favType="2" name="VolatiliyHist65" field="HV(BARS=23)" source="0"/><Column type="2" favType="2" name="VolatilityTrue" field="x = TRUERANGE() / CLOSE() ;&#xA;MA(x, CALC=Close, BARS=5)" source="0"/><Column type="2" favType="2" name="VolatilityTruePercent5" field="x = TRUERANGE() / CLOSE()  * 100; &#xA;MA(x, CALC=Close, BARS=5, STYLE=Simple)" source="0"/><Column type="2" favType="2" name="52week%" field="h=HIGHESTHIGH(BACKTYPE=Years, BARS=1, INCBAR=True);&#xA;l=LOWESTLOW(BACKTYPE=Years, BARS=1, INSIDEBAR=False, INCBAR=True);&#xA;r=h-l;&#xA;c=CLOSE()-l;&#xA;c/r" source="0"/><Column type="2" favType="2" name="Gann Swing 3 IsUp" field="GANNSWING(SWINGCOUNT=3,USEINSIDE=FALSE) IsUp" source="0"/><Column type="2" favType="2" name="Vol5dRatio50" field="x = MA(VOL(), BARS=50, CALC=Close);&#xA;y = MA(VOL(), BARS=5, CALC=Close);&#xA;y / x" source="0"/><Column type="2" favType="2" name="Gann Swing Weekly Up" field="GANNSWING(WEEK(), SWINGCOUNT=3) IsUp" source="0"/><Column type="2" favType="2" name="Gann Swing Monthly Up" field="GANNSWING(Month(), SWINGCOUNT=3) IsUp" source="0"/></FavouriteColumns>
