<?xml version="1.0" encoding="UTF-8"?>
<lists Version="8"><item type="ltCSV" name="nasdaq100-list" id="D:\Dev\TA\nasdaq100-list.csv" column="0" header="true"/><item type="ltCSV" name="sp500-list" id="D:\Dev\TA\sp500-list.csv" column="0" header="true"/><item type="ltManual" name="ETFs" id="ETFs.xml"/><item type="ltCSV" name="Powershares-industries" id="D:\Dev\TA\Powershares-industries.csv" column="0" header="true"/><item type="ltManual" name="XLF" id="XLF.xml"/><item type="ltManual" name="XLE" id="XLE.xml"/><item type="ltCSV" name="xlb-holdings" id="C:\Users\ajask_000\Documents\Market Analyst 8\Lists\xlb-holdings.csv" column="0" header="true"/><item type="ltCSV" name="xle-holdings" id="C:\Users\ajask_000\Documents\Market Analyst 8\Lists\xle-holdings.csv" column="0" header="true"/><item type="ltCSV" name="xlf-holdings" id="C:\Users\ajask_000\Documents\Market Analyst 8\Lists\xlf-holdings.csv" column="0" header="true"/><item type="ltCSV" name="xli-holdings" id="C:\Users\ajask_000\Documents\Market Analyst 8\Lists\xli-holdings.csv" column="0" header="true"/><item type="ltCSV" name="xlk-holdings" id="C:\Users\ajask_000\Documents\Market Analyst 8\Lists\xlk-holdings.csv" column="0" header="true"/><item type="ltCSV" name="xlp-holdings" id="C:\Users\ajask_000\Documents\Market Analyst 8\Lists\xlp-holdings.csv" column="0" header="true"/><item type="ltCSV" name="xlre-holdings" id="C:\Users\ajask_000\Documents\Market Analyst 8\Lists\xlre-holdings.csv" column="0" header="true"/><item type="ltCSV" name="xlu-holdings" id="C:\Users\ajask_000\Documents\Market Analyst 8\Lists\xlu-holdings.csv" column="0" header="true"/><item type="ltCSV" name="xlv-holdings" id="C:\Users\ajask_000\Documents\Market Analyst 8\Lists\xlv-holdings.csv" column="0" header="true"/><item type="ltCSV" name="xly-holdings" id="C:\Users\ajask_000\Documents\Market Analyst 8\Lists\xly-holdings.csv" column="0" header="true"/><item type="ltManual" name="Rydex" id="Rydex.xml"/><item type="ltCSV" name="etf-list" id="D:\Dev\TA\etf-list.csv" column="0" header="true"/><item type="ltCSV" name="nas-si" id="D:\Dev\TA\nas-si.csv" column="0" header="true"/><item type="ltCSV" name="spdr-holdings" id="D:\Dev\TA\wsPTV\AMC\out\spdr-holdings.csv" column="0" header="true"/><item type="ltCSV" name="Wilshire5000" id="D:\Dev\TA\Wilshire5000.csv" column="0" header="true"/><item type="ltCSV" name="xle-components" id="D:\Dev\TA\wsPTV\AMC\out\xle-components.csv" column="0" header="true"/><item type="ltCSV" name="xlf-components" id="D:\Dev\TA\wsPTV\AMC\out\xlf-components.csv" column="0" header="true"/><item type="ltCSV" name="xlf-components" id="D:\Dev\TA\wsPTV\AMC\out\xlf-components.csv" column="0" header="true"/><item type="ltCSV" name="xlb-components" id="D:\Dev\TA\wsPTV\AMC\out\xlb-components.csv" column="0" header="true"/><item type="ltCSV" name="ibb-components" id="D:\Dev\TA\working\lists\ibb-components.csv" column="0" header="true"/><item type="ltCSV" name="ibb-top20" id="C:\Users\ajask_000\Documents\ibb-top20.csv" column="0" header="true"/><item type="ltCSV" name="ibb-top30" id="C:\Users\ajask_000\Documents\ibb-top30.csv" column="0" header="true"/><item type="ltCSV" name="ibb-top40" id="C:\Users\ajask_000\Documents\ibb-top40.csv" column="0" header="true"/><item type="ltCSV" name="kre-top40" id="C:\Users\ajask_000\Documents\kre-top40.csv" column="0" header="true"/><item type="ltCSV" name="xlb-components" id="D:\Dev\TA\working\lists\xlb-components.csv" column="0" header="true"/><item type="ltCSV" name="xle-components" id="D:\Dev\TA\working\lists\xle-components.csv" column="0" header="true"/><item type="ltCSV" name="xlf-components" id="D:\Dev\TA\working\lists\xlf-components.csv" column="0" header="true"/><item type="ltCSV" name="xli-components" id="D:\Dev\TA\working\lists\xli-components.csv" column="0" header="true"/><item type="ltCSV" name="xlk-components" id="D:\Dev\TA\working\lists\xlk-components.csv" column="0" header="true"/><item type="ltCSV" name="xlp-components" id="D:\Dev\TA\working\lists\xlp-components.csv" column="0" header="true"/><item type="ltCSV" name="xlu-components" id="D:\Dev\TA\working\lists\xlu-components.csv" column="0" header="true"/><item type="ltCSV" name="xlv-components" id="D:\Dev\TA\working\lists\xlv-components.csv" column="0" header="true"/><item type="ltCSV" name="xly-components" id="D:\Dev\TA\working\lists\xly-components.csv" column="0" header="true"/><item type="ltCSV" name="ibb-components" id="D:\Dev\TA\working\lists\ibb-components.csv" column="0" header="true"/><item type="ltCSV" name="dia-components" id="D:\Dev\TA\working\lists\dia-components.csv" column="0" header="true"/></lists>
