<?xml version="1.0"?>
<TOOLMRU><TOOLITEM>
		<VAR Name="SCRIPT" Value="VABFAFgAVABCAE8AWAAoACkA"/>
		<VAR Name="TOOLID" Value="TQBBAFMAQQBCAEMA"/>
		<VAR Name="TOOLNAME" Value="VABlAHgAdAAgAEIAbwB4AA=="/>
		<VAR Name="SHORTCODE" Value="QQBCAEMA"/>
		<VAR Name="IMAGEINDEX" Value="4"/>
		<VAR Name="ISCUSTOMTOOL" Value="1"/>
		<VAR Name="TOOLBARID" Value="1"/>
		<VAR Name="TOOLITEMID" Value="2"/>
		<VAR Name="FONT" Value="Tahoma, 8, [], [$0000000D]">
			<VAR Name="FONTSIZE" Value="16"/>
		</VAR>
		<VAR Name="WIDTH" Value="328"/>
	</TOOLITEM>
	<TOOLITEM>
		<VAR Name="SCRIPT" Value="VABFAFgAVABCAE8AWAAoACkA"/>
		<VAR Name="TOOLID" Value="TQBBAFMAQQBCAEMA"/>
		<VAR Name="TOOLNAME" Value="QQBNAEMA"/>
		<VAR Name="SHORTCODE" Value="QQBDAEwAYQBiAGUAbAA="/>
		<VAR Name="IMAGEINDEX" Value="4"/>
		<VAR Name="ISCUSTOMTOOL" Value="1"/>
		<VAR Name="TOOLBARID" Value="1"/>
		<VAR Name="TOOLITEMID" Value="1"/>
		<VAR Name="TEXT" Value="QABBAG4AZAB5AHMAQwB5AGMAbABlAHMA"/>
		<VAR Name="FONT" Value="Tahoma, 8, [], [$00998877]">
			<VAR Name="FONTSIZE" Value="22"/>
		</VAR>
		<VAR Name="COLOUR" Value="10061943"/>
		<VAR Name="WIDTH" Value="158"/>
		<VAR Name="FLOATING" Value="1"/>
		<VAR Name="BORDERCOLOUR" Value="0"/>
	</TOOLITEM>
	<TOOLITEM>
		<VAR Name="SCRIPT" Value="UAByAGkAYwBlAE0AZQBhAHMAdQByAGUAKAApAA=="/>
		<VAR Name="TOOLID" Value="TQBBAFMAUABNAA=="/>
		<VAR Name="TOOLNAME" Value="UAByAGkAYwBlACAATQBlAGEAcwB1AHIAZQA="/>
		<VAR Name="SHORTCODE" Value="UABNAA=="/>
		<VAR Name="IMAGEINDEX" Value="4"/>
		<VAR Name="TOOLALPHA" Value="47"/>
		<VAR Name="ISCUSTOMTOOL" Value="1"/>
		<VAR Name="TOOLBARID" Value="2"/>
		<VAR Name="TOOLITEMID" Value="10"/>
		<VAR Name="CALCTYPE" Value="1"/>
		<VAR Name="FONT" Value="Tahoma, 8, [], [$0000000D]">
			<VAR Name="LALIGN" Value="2"/>
			<VAR Name="FONTSIZE" Value="11"/>
		</VAR>
		<VAR Name="LINESTYLE">
			<VAR Name="FILLCOLOUR" Value="16777215"/>
			<VAR Name="FILLTRANS" Value="80"/>
		</VAR>
	</TOOLITEM>
	<TOOLITEM>
		<VAR Name="SCRIPT" Value="SABMACgAKQA="/>
		<VAR Name="TOOLID" Value="TQBBAFMASABMAA=="/>
		<VAR Name="TOOLNAME" Value="SABvAHIAaQB6AG8AbgB0AGEAbAAgAEwAaQBuAGUA"/>
		<VAR Name="SHORTCODE" Value="SABMAA=="/>
		<VAR Name="IMAGEINDEX" Value="2"/>
		<VAR Name="ISCUSTOMTOOL" Value="1"/>
		<VAR Name="TOOLBARID" Value="2"/>
		<VAR Name="TOOLITEMID" Value="5"/>
		<VAR Name="LINE">
			<VAR Name="LINESTYLE" Value="2"/>
			<VAR Name="LINECOLOUR" Value="0"/>
			<VAR Name="EXTEND">
				<VAR Name="EXTSTART" Value="1"/>
				<VAR Name="EXTEND" Value="1"/>
			</VAR>
		</VAR>
		<VAR Name="SHWFONT" Value="Arial 3, 10, [], [$0000000D]">
			<VAR Name="FONTSIZE" Value="11"/>
		</VAR>
	</TOOLITEM>
	<TOOLITEM>
		<VAR Name="SCRIPT" Value="VgBMACgAKQA="/>
		<VAR Name="TOOLID" Value="TQBBAFMAVgBMAA=="/>
		<VAR Name="TOOLNAME" Value="VgBlAHIAdABpAGMAYQBsACAATABpAG4AZQA="/>
		<VAR Name="SHORTCODE" Value="VgBMAA=="/>
		<VAR Name="IMAGEINDEX" Value="2"/>
		<VAR Name="ISCUSTOMTOOL" Value="1"/>
		<VAR Name="TOOLBARID" Value="2"/>
		<VAR Name="TOOLITEMID" Value="3"/>
		<VAR Name="LINE">
			<VAR Name="LINECOLOUR" Value="0"/>
			<VAR Name="EXTEND">
				<VAR Name="EXTSTART" Value="1"/>
				<VAR Name="EXTEND" Value="1"/>
				<VAR Name="FULLEXTEND" Value="1"/>
			</VAR>
		</VAR>
		<VAR Name="SHOWVALUE" Value="1"/>
		<VAR Name="SHWFONT" Value="Arial 3, 10, [], [$0000000D]">
			<VAR Name="FONTSIZE" Value="11"/>
		</VAR>
	</TOOLITEM>
	<TOOLITEM>
		<VAR Name="SCRIPT" Value="RwBBAE4ATgBTAFcASQBOAEcATwBWAEUAUgBMAEEAWQAoACkA"/>
		<VAR Name="TOOLID" Value="TQBBAFMARwBTAEMA"/>
		<VAR Name="TOOLNAME" Value="RwBhAG4AbgAgAFMAdwBpAG4AZwAgAEMAaABhAHIAdAAgAE8AdgBlAHIAbABhAHkA"/>
		<VAR Name="SHORTCODE" Value="RwBTAEMA"/>
		<VAR Name="IMAGEINDEX" Value="0"/>
		<VAR Name="ISCUSTOMTOOL" Value="1"/>
		<VAR Name="TOOLBARID" Value="2"/>
		<VAR Name="TOOLITEMID" Value="6"/>
		<VAR Name="GANNSWINGPARAM">
			<VAR Name="SWINGCOUNT" Value="3"/>
			<VAR Name="USECLUSTERS" Value="0"/>
		</VAR>
		<VAR Name="GANNSWINGSTYLE">
			<VAR Name="WIDTH" Value="2"/>
			<VAR Name="LONGCOL" Value="32768"/>
			<VAR Name="SHORTCOL" Value="42495"/>
			<VAR Name="DRAWSTYLE" Value="1"/>
			<VAR Name="SHOWLABELS" Value="1"/>
			<VAR Name="LABELS" Value="Visible Labels">
				<VAR Name="SHOWPRICERET" Value="0"/>
				<VAR Name="SHOWTIMERATIO" Value="0"/>
			</VAR>
			<VAR Name="SIZE" Value="9"/>
			<VAR Name="TXTCOL" Value="0"/>
		</VAR>
	</TOOLITEM>
	<TOOLITEM>
		<VAR Name="SCRIPT" Value="RwBhAG4AbgBTAHEAdQBhAHIAZQBSAGEAbgBnAGUAKAApAA=="/>
		<VAR Name="TOOLID" Value="TQBBAFMARwBTAFIA"/>
		<VAR Name="TOOLNAME" Value="RwBhAG4AbgAgAFMAcQB1AGEAcgBlACAAUgBhAG4AZwBlAA=="/>
		<VAR Name="SHORTCODE" Value="RwBTAFIA"/>
		<VAR Name="IMAGEINDEX" Value="7"/>
		<VAR Name="ISCUSTOMTOOL" Value="1"/>
		<VAR Name="TOOLBARID" Value="1"/>
		<VAR Name="TOOLITEMID" Value="9"/>
		<VAR Name="PLANETS" Value="[Sun]"/>
		<VAR Name="GANNLINE">
			<VAR Name="GBLSLABELS" Value="Line Styles">
				<VAR Name="LINECOLOUR" Value="0"/>
				<VAR Name="ANGLECOLOUR" Value="10061943"/>
				<VAR Name="CROSSCOLOUR" Value="0"/>
				<VAR Name="EXTALPHA" Value="50"/>
			</VAR>
		</VAR>
		<VAR Name="CITY" Value="207"/>
		<VAR Name="GANNVAR">
			<VAR Name="HVBOX" Value="Boxes">
				<VAR Name="AUTOCALCBOXES" Value="0"/>
				<VAR Name="BOXLEFT" Value="2"/>
			</VAR>
			<VAR Name="HVOL" Value="Overlays">
				<VAR Name="SHOWEIGHTHS" Value="1"/>
				<VAR Name="SHOWTHIRDS" Value="1"/>
				<VAR Name="THIRDSLINE">
					<VAR Name="WIDTH" Value="3"/>
					<VAR Name="LINECOLOUR" Value="65407"/>
				</VAR>
				<VAR Name="EIGHTHSLINE">
					<VAR Name="LINESTYLE" Value="4"/>
					<VAR Name="LINECOLOUR" Value="0"/>
				</VAR>
			</VAR>
			<VAR Name="GBDRAWTYPE" Value="3"/>
			<VAR Name="SQSTYLE" Value="2"/>
			<VAR Name="TIMECONTROL" Value="0"/>
		</VAR>
	</TOOLITEM>
	<TOOLITEM>
		<VAR Name="SCRIPT" Value="RwBhAG4AbgBTAHEAdQBhAHIAZQBUAEIAKAApAA=="/>
		<VAR Name="TOOLID" Value="TQBBAFMARwBTAFQAQgA="/>
		<VAR Name="TOOLNAME" Value="RwBhAG4AbgAgAFMAcQB1AGEAcgBlACAAVABvAHAALwBCAG8AdAB0AG8AbQA="/>
		<VAR Name="SHORTCODE" Value="RwBTAFQAQgA="/>
		<VAR Name="IMAGEINDEX" Value="7"/>
		<VAR Name="TOOLALPHA" Value="75"/>
		<VAR Name="ISCUSTOMTOOL" Value="1"/>
		<VAR Name="TOOLBARID" Value="1"/>
		<VAR Name="TOOLITEMID" Value="10"/>
		<VAR Name="PLANETS" Value="[Sun]"/>
		<VAR Name="MPHEADER" Value="Values">
			<VAR Name="SPRICE" Value="3787.23"/>
		</VAR>
		<VAR Name="PDIR" Value="0"/>
		<VAR Name="GANNLINE">
			<VAR Name="GBLSLABELS" Value="Line Styles">
				<VAR Name="WIDTH" Value="2"/>
				<VAR Name="LINECOLOUR" Value="0"/>
				<VAR Name="ANGLECOLOUR" Value="10061943"/>
				<VAR Name="CROSSCOLOUR" Value="10061943"/>
				<VAR Name="EXTALPHA" Value="40"/>
			</VAR>
		</VAR>
		<VAR Name="CITY" Value="207"/>
		<VAR Name="GANNVAR">
			<VAR Name="HVBOX" Value="Boxes">
				<VAR Name="AUTOCALCBOXES" Value="0"/>
			</VAR>
			<VAR Name="HVOL" Value="Overlays">
				<VAR Name="SHOWEIGHTHS" Value="1"/>
				<VAR Name="SHOWTHIRDS" Value="1"/>
				<VAR Name="SHOWHALVES" Value="1"/>
				<VAR Name="THIRDSLINE">
					<VAR Name="WIDTH" Value="3"/>
					<VAR Name="LINECOLOUR" Value="65407"/>
				</VAR>
				<VAR Name="QUARTERSLINE">
					<VAR Name="LINESTYLE" Value="4"/>
					<VAR Name="LINECOLOUR" Value="0"/>
				</VAR>
				<VAR Name="EIGHTHSLINE">
					<VAR Name="LINESTYLE" Value="4"/>
					<VAR Name="LINECOLOUR" Value="0"/>
				</VAR>
				<VAR Name="HALVESLINE">
					<VAR Name="LINECOLOUR" Value="10061943"/>
				</VAR>
			</VAR>
			<VAR Name="USECHARTUNIT" Value="0"/>
			<VAR Name="GBDRAWTYPE" Value="3"/>
			<VAR Name="BOXSIZE" Value="3787.23"/>
			<VAR Name="TIMECONTROL" Value="0"/>
		</VAR>
	</TOOLITEM>
	<TOOLITEM>
		<VAR Name="SCRIPT" Value="RAB5AG4AYQBtAGkAYwBHAGEAbgBuAEYAYQBuACgAKQA="/>
		<VAR Name="TOOLID" Value="TQBBAFMARABHAEYA"/>
		<VAR Name="TOOLNAME" Value="RAB5AG4AYQBtAGkAYwAgAEcAYQBuAG4AIABGAGEAbgAgAEEAbgBnAGwAZQBzAA=="/>
		<VAR Name="SHORTCODE" Value="RwBhAG4AbgAgAEYAYQBuAA=="/>
		<VAR Name="IMAGEINDEX" Value="2"/>
		<VAR Name="ISCUSTOMTOOL" Value="1"/>
		<VAR Name="TOOLBARID" Value="2"/>
		<VAR Name="TOOLITEMID" Value="8"/>
		<VAR Name="USECHARTUNIT" Value="0"/>
		<VAR Name="EXTEND" Value="1"/>
		<VAR Name="SHWFONT" Value="Arial 3, 10, [], [$0000000D]">
			<VAR Name="FONTSIZE" Value="11"/>
		</VAR>
		<VAR Name="LEVELS" Count="9">
			<VAR Name="LEVELS" Value="Levels">
				<VAR Name="LEVEL1">
					<VAR Name="LINESTYLE" Value="0"/>
					<VAR Name="WIDTH" Value="1"/>
					<VAR Name="LINECOLOUR" Value="10061943"/>
					<VAR Name="LINEALPHA" Value="100"/>
					<VAR Name="EXTEND">
						<VAR Name="EXTSTART" Value="0"/>
						<VAR Name="EXTEND" Value="1"/>
					</VAR>
				</VAR>
				<VAR Name="LEVEL2">
					<VAR Name="LINESTYLE" Value="0"/>
					<VAR Name="WIDTH" Value="1"/>
					<VAR Name="LINECOLOUR" Value="10061943"/>
					<VAR Name="LINEALPHA" Value="100"/>
					<VAR Name="EXTEND">
						<VAR Name="EXTSTART" Value="0"/>
						<VAR Name="EXTEND" Value="1"/>
					</VAR>
				</VAR>
				<VAR Name="LEVEL3">
					<VAR Name="VISIBLE" Value="0"/>
					<VAR Name="LINESTYLE" Value="0"/>
					<VAR Name="WIDTH" Value="1"/>
					<VAR Name="LINECOLOUR" Value="10061943"/>
					<VAR Name="LINEALPHA" Value="100"/>
					<VAR Name="EXTEND">
						<VAR Name="EXTSTART" Value="0"/>
						<VAR Name="EXTEND" Value="1"/>
					</VAR>
				</VAR>
				<VAR Name="LEVEL4">
					<VAR Name="LINESTYLE" Value="0"/>
					<VAR Name="WIDTH" Value="1"/>
					<VAR Name="LINECOLOUR" Value="10061943"/>
					<VAR Name="LINEALPHA" Value="100"/>
					<VAR Name="EXTEND">
						<VAR Name="EXTSTART" Value="0"/>
						<VAR Name="EXTEND" Value="1"/>
					</VAR>
				</VAR>
				<VAR Name="LEVEL5">
					<VAR Name="LINESTYLE" Value="0"/>
					<VAR Name="WIDTH" Value="2"/>
					<VAR Name="LINECOLOUR" Value="0"/>
					<VAR Name="LINEALPHA" Value="100"/>
					<VAR Name="EXTEND">
						<VAR Name="EXTSTART" Value="0"/>
						<VAR Name="EXTEND" Value="1"/>
					</VAR>
				</VAR>
				<VAR Name="LEVEL6">
					<VAR Name="LINESTYLE" Value="0"/>
					<VAR Name="WIDTH" Value="1"/>
					<VAR Name="LINECOLOUR" Value="10061943"/>
					<VAR Name="LINEALPHA" Value="100"/>
					<VAR Name="EXTEND">
						<VAR Name="EXTSTART" Value="0"/>
						<VAR Name="EXTEND" Value="1"/>
					</VAR>
				</VAR>
				<VAR Name="LEVEL7">
					<VAR Name="VISIBLE" Value="0"/>
					<VAR Name="LINESTYLE" Value="0"/>
					<VAR Name="WIDTH" Value="1"/>
					<VAR Name="LINECOLOUR" Value="10061943"/>
					<VAR Name="LINEALPHA" Value="100"/>
					<VAR Name="EXTEND">
						<VAR Name="EXTSTART" Value="0"/>
						<VAR Name="EXTEND" Value="1"/>
					</VAR>
				</VAR>
				<VAR Name="LEVEL8">
					<VAR Name="LINESTYLE" Value="0"/>
					<VAR Name="WIDTH" Value="1"/>
					<VAR Name="LINECOLOUR" Value="10061943"/>
					<VAR Name="LINEALPHA" Value="100"/>
					<VAR Name="EXTEND">
						<VAR Name="EXTSTART" Value="0"/>
						<VAR Name="EXTEND" Value="1"/>
					</VAR>
				</VAR>
				<VAR Name="LEVEL9">
					<VAR Name="LINESTYLE" Value="0"/>
					<VAR Name="WIDTH" Value="1"/>
					<VAR Name="LINECOLOUR" Value="10061943"/>
					<VAR Name="LINEALPHA" Value="100"/>
					<VAR Name="EXTEND">
						<VAR Name="EXTSTART" Value="0"/>
						<VAR Name="EXTEND" Value="1"/>
					</VAR>
				</VAR>
			</VAR>
			<VAR Name="alllines">
				<VAR Name="LINECOLOUR" Value="10061943"/>
			</VAR>
		</VAR>
	</TOOLITEM>
	<TOOLITEM>
		<VAR Name="SCRIPT" Value="UABZAFIAKAApAA=="/>
		<VAR Name="TOOLID" Value="TQBBAFMAUABZAFIA"/>
		<VAR Name="TOOLNAME" Value="UAB5AHIAYQBwAG8AaQBuAHQA"/>
		<VAR Name="SHORTCODE" Value="UABZAFIA"/>
		<VAR Name="IMAGEINDEX" Value="3"/>
		<VAR Name="ISCUSTOMTOOL" Value="1"/>
		<VAR Name="TOOLBARID" Value="2"/>
		<VAR Name="TOOLITEMID" Value="13"/>
		<VAR Name="ANGLE" Value="45.0"/>
		<VAR Name="GANNLINE">
			<VAR Name="GBLSLABELS" Value="Line Styles">
				<VAR Name="LINECOLOUR" Value="10061943"/>
				<VAR Name="ANGLECOLOUR" Value="2"/>
				<VAR Name="CROSSCOLOUR" Value="3"/>
			</VAR>
		</VAR>
	</TOOLITEM>
</TOOLMRU>
