<?xml version="1.0" encoding="UTF-8"?>
<items Version="3">
<item code="WABPAE0A" symbol="WABPAE0A" productid="24" fund="-1" bench="0" />
<item code="QwBWAFgA" symbol="QwBWAFgA" productid="24" fund="-1" bench="0" />
<item code="UwBMAEIA" symbol="UwBMAEIA" productid="24" fund="-1" bench="0" />
<item code="RQBPAEcA" symbol="RQBPAEcA" productid="24" fund="-1" bench="0" />
<item code="UABYAEQA" symbol="UABYAEQA" productid="24" fund="-1" bench="0" />
<item code="VgBMAE8A" symbol="VgBMAE8A" productid="24" fund="-1" bench="0" />
<item code="UABTAFgA" symbol="UABTAFgA" productid="24" fund="-1" bench="0" />
<item code="SABBAEwA" symbol="SABBAEwA" productid="24" fund="-1" bench="0" />
<item code="QwBPAFAA" symbol="QwBPAFAA" productid="24" fund="-1" bench="0" />
<item code="WABMAEUA" symbol="WABMAEUA" productid="25" fund="-1" bench="0" />
</items>