<?xml version="1.0" encoding="UTF-8"?>
<items Version="3">
<item code="QgBSAEsALgBCAA==" symbol="QgBSAEsALgBCAA==" productid="24" fund="-1" bench="0" />
<item code="VwBGAEMA" symbol="VwBGAEMA" productid="24" fund="-1" bench="0" />
<item code="SgBQAE0A" symbol="SgBQAE0A" productid="24" fund="-1" bench="0" />
<item code="QgBBAEMA" symbol="QgBBAEMA" productid="24" fund="-1" bench="0" />
<item code="QwA=" symbol="QwA=" productid="24" fund="-1" bench="0" />
<item code="VQBTAEIA" symbol="VQBTAEIA" productid="24" fund="-1" bench="0" />
<item code="QQBJAEcA" symbol="QQBJAEcA" productid="24" fund="-1" bench="0" />
<item code="RwBTAA==" symbol="RwBTAA==" productid="24" fund="-1" bench="0" />
<item code="UwBQAEcA" symbol="UwBQAEcA" productid="24" fund="-1" bench="0" />
<item code="QwBCAA==" symbol="QwBCAA==" productid="24" fund="-1" bench="0" />
</items>